state,StateAbbreviation,StateFIPS,election,year,wave,numresponses,contacted,responserate,OVERALLINTEGRITY,PEIIndexp,PEIIndexp_lci,PEIIndexp_hci,PEIIndexi,PEIIndexi_lci,PEIIndexi_hci,PEIIndex_rank,PEItype,ratingstate,ratingstate_lci,ratingstate_hci,ratingcountry,ratingcountry_lci,ratingcountry_hci,LAWS,lawsunfair,lawsunfair2,favoredincumbent,favoredincumbent2,citizens,citizens2,laws,lawsi,PROCEDURES,managed,votinginfo,fairofficials,legalelections,procedures,proceduresi,BOUNDARIES,bdiscrim,bdiscrim2,bfavored,bfavored2,bimpartial,boundaries,boundariesi,VOTERREGISTRATION,reglisted,reglisted2,reginaccurate,reginaccurate2,ineligible,ineligible2,votereg,voteregi,PARTYREGISTRATION,oppprevent,oppprevent2,womenopp,minorityopp,leaderselect,leaderselect2,rallies,rallies2,partyreg,partyregi,MEDIACOVERAGE,newspapers,tv,tv2,fairaccess,faircoverage,socialmedia,media,mediai,CAMPAIGNFINANCE,subsidies,donations,accounts,rich,rich2,resources,resources2,finance,financei,VOTINGPROCESS,violence,violence2,fraudulent,fraudulent2,easy,choice,postal,disabled,expats,internet,voting,votingi,VOTECOUNT,secure,delay,faircount,intlmonitors,intlmonitors2,domesticmonitors,domesticmonitors2,count,counti,VOTINGRESULTS,challenged,challenged2,protestspeace,protestspeace2,protestsviolent,protestsviolent2,disputes,results,resultsi,ELECTIONAUTHORITIES,impartial,info,scrutiny,performance,EMBs,EMBsi,GENERALQUESTIONS,familiarity,important,ORGCONFIDENCE,courts,government,parliament,police,electoralauth,BACKGROUND,employment,public,university,nonprofit,agency,private,occupation,agegroup,sex,education,born,lived,rep,candidate,activist,monitor,ngo,voted,norole,official,citizen,supported,leftrightscale,difficulty,VIGNETTES,vignetteA,vignetteB,vignetteC,EXTRA,rigged,rigged2,machinesaccurate,recordssecure,waited,waited2,multiple,multiple2,regrestrictive,regrestrictive2,obsintimidate,obsintimidate2,popularwill,timely,SUBFIELD,elections,ampol,statepol,comparative,inter,polcomm,theory,publicadmin,publicpol,methods,socio
Alaska,AK,102,USA_08112016_P1,2016,2016,3,19,0.1578947,,,,,65.56973,54.44389,76.69557,21,High (60-69),8.666667,8.108032,9.225302,7,4.440013,9.559987,,3,3,3.3333332538604700,2.6666667461395300,2,4,55.55556,55.55556,,4,4.3333334922790500,4.3333334922790500,4.3333334922790500,81.25,81.25,,2.6666667461395300,3.3333332538604700,3,3,3,52.77778,52.77778,,,,,,2,4,,59.44445,,2,4,4.6666665077209500,4.6666665077209500,2.3333332538604700,3.6666667461395300,2,4,80,80,,2.3333332538604700,3,3,4,2.3333332538604700,3,55,48.66667,,3,3,4,3.3333332538604700,2.6666667461395300,3,3,40,52.33333,,1.6666666269302400,4.3333334922790500,2,4,4.3333334922790500,4.3333334922790500,4.5,4.5,4,2,65.625,74.21875,,3.5,4,3.5,,,2,4,,71.33334,,2.3333332538604700,3.6666667461395300,3,3,1.5,4.5,4,68.75,69.27084,,3.5,3.3333332538604700,3.3333332538604700,3.6666667461395300,56.25,63.02083,,8.666667,3,,8.333333,7,4.5,5.6666665,5.6666665,,2.3333332538604700,0.3333333433,1,0,0,0.3333333433,6,5,0,5,0,4,0,0,0,0,0,1,0,0,1,4.3333334922791,5.6666665,8.333333,,4.6666665,4.6666665,7.3333335,,2,4,4,4,3,3,2,4,2,4,2,4,4.5,4.5,,0.6666666865,1,0.6666666865,0,0,0,0.3333333433,0.3333333433,0.6666666865,0,0
Alabama,AL,201,USA_08112016_P1,2016,2016,6,34,0.1764706,,,,,57.84864,53.59968,62.0976,40,Moderate (50-59),7.1666665,6.366823,7.96651,6.5,5.927569,7.072431,,4.1666665077209500,1.8333333730697600,4.5,1.5,3.5,2.5,23.61111,23.61111,,4,4.3333334922790500,4.1666665077209500,4.5999999046325700,85,81.61459,,4.5999999046325700,1.3999999761581400,4.5,1.5,2,11.66667,17.15278,,4,2,3.3333332538604700,2.6666667461395300,2.6666667461395300,3.3333332538604700,33.33333,47.29167,,3.6666667461395300,2.3333332538604700,3.5,3,2.75,3.25,2,4,57.5,61.625,,2.8333332538604700,3,3,3.4000000953674300,3.5,2,50,49.70833,,2.6666667461395300,3,3.3333332538604700,3.1666667461395300,2.8333332538604700,3.3333332538604700,2.6666667461395300,32.5,51.125,,2,4,1.3333333730697600,4.6666665077209500,4,2.3333332538604700,3.25,3.7999999523162800,4.25,1,,61.875,,4,4.1666665077209500,4,,,2,4,,75.70834,,1.7999999523162800,4.1999998092651400,3,3,1.8333333730697600,4.1666665077209500,4,68.75,70.9375,,3.8333332538604700,3.6666667461395300,3.5999999046325700,3.8333332538604700,67.5,68.59375,,7.5,1.8333333730697600,,5.8333335,3.1666667,2,6.3333335,6.5,,2.8333332538604700,0.1666666716,0.8333333135,0.1666666716,0,0.1666666716,6,4,0,5,0.33333334,4.16666651,0,0,0,0,0,0.8333333135,0,0,1,2.6666667461395,3.6666667,8.166667,,8.166667,6.5,7.8333335,,1.8333333730697600,4.1666665077209500,3.6666667461395300,3.75,3.8333332538604700,2.1666667461395300,1.5,4.5,3.1666667461395300,2.8333332538604700,2.5,3.5,2.6666667461395300,4.5,,0.5,0.8333333135,0.3333333433,0.3333333433,0.3333333433,0,0,0.1666666716,0.1666666716,0.3333333433,0
Arkansas,AR,103,USA_08112016_P1,2016,2016,5,19,0.2631579,,70.40816,,,63.02551,58.14312,67.90791,28,High (60-69),8.6000004,7.745453,9.454548,7.4000001,6.729638,8.070362,,4,2,4,2,2,4,41.66667,41.66667,,4,4.1999998092651400,4.4000000953674300,4.4000000953674300,81.25,81.25,,3.2000000476837200,2.7999999523162800,3.7999999523162800,2.2000000476837200,2.4000000953674300,36.66666,36.66666,,3,3,4.3333334922790500,1.6666666269302400,3.3333332538604700,2.6666667461395300,36.11111,40.91667,,1.75,4.25,4.4000000953674300,4,2.5,3.5,1.5,4.5,80,77.25,,2.25,3.2000000476837200,2.7999999523162800,3.4000000953674300,2.5999999046325700,2,43.33333,40.6,,3,2.25,2.2000000476837200,2.4000000953674300,3.5999999046325700,2.6666667461395300,3.3333332538604700,51.66667,47.75,,1.6000000238418600,4.4000000953674300,3,3,4.5999999046325700,3.4000000953674300,3.75,3.75,4,1.3999999761581400,59.375,63.65625,,4.5999999046325700,4.5999999046325700,4.5999999046325700,1,5,1.6666666269302400,4.3333334922790500,100,83.5,,1.75,4.25,2,4,1.6000000238418600,4.4000000953674300,4.25,78.125,80.25,,4,4.5,4.4000000953674300,4.4000000953674300,84.375,82.4375,,9,3.5999999046325700,,7.4000001,6.5999999,6.1999998,7.1999998,7.8000002,,2.7999999523162800,0.200000003,1,0.200000003,0,0,6,3.6,0.2,5,0.2,3.5999999,0,0,0,0,0,0.8000000119,0,0,1,2.7999999523163,3.8,9.3999996,,5.5999999,6.1999998,8,,1.2000000476837200,4.8000001907348600,4.5999999046325700,4.25,2.7999999523162800,3.2000000476837200,2.25,3.75,2.2000000476837200,3.7999999523162800,2.2000000476837200,3.7999999523162800,3.7999999523162800,4.5999999046325700,,0.8000000119,0.8000000119,0.6000000238,0.400000006,0,0.200000003,0.200000003,0.400000006,0.400000006,0.6000000238,0
Arizona,AZ,202,USA_08112016_P1,2016,2016,6,40,0.15,,,,,53.01446,45.23337,60.79554,51,Moderate (50-59),6.3333335,4.733646,7.933021,6.1666665,4.704579,7.628754,,3.7999999523162800,2.2000000476837200,3.8333332538604700,2.1666667461395300,4,2,28.33333,28.68056,,2.3333332538604700,3.1666667461395300,3.7999999523162800,4.1666665077209500,61.25,59.27083,,4.25,1.75,4.4000000953674300,1.6000000238418600,2,18.75,19.09722,,3.7999999523162800,2.2000000476837200,3.75,2.25,2,4,47.22222,46.66667,,3,3,3.8333332538604700,2.8333332538604700,2.5,3.5,1.6666666269302400,4.3333334922790500,67.5,63.41667,,3.1666667461395300,2.1666667461395300,3.8333332538604700,2.7999999523162800,2.8333332538604700,1.8333333730697600,52,47.29167,,3.3333332538604700,2.5999999046325700,1.7999999523162800,3.5,2.5,2.75,3.25,48.33333,43.91667,,3,3,2.2000000476837200,3.7999999523162800,3.1666667461395300,3.8333332538604700,4.6666665077209500,5,4.5,2.3333332538604700,81.25,65.98959,,4.25,3.5,3.7999999523162800,4,2,2,4,,68.5,,2.4000000953674300,3.5999999046325700,4.1999998092651400,1.7999999523162800,2,4,3.25,56.25,54.73958,,2.5999999046325700,3.8333332538604700,3.2000000476837200,2.8333332538604700,56.25,53.69792,,8.8000002,2,,7.6666665,4.5,3.8333333,6.4000001,6.1666665,,2.6666667461395300,0.3333333433,1,0.1666666716,0,0.3333333433,5.1666665077209500,4.166667,0.66666669,5,0,3.83333325,0,0,0,0,0,1,0,0,1,2.8333332538605,2.8333333,7.5,,8,7.5,8.666667,,1.6666666269302400,4.3333334922790500,4.1666665077209500,4.1999998092651400,3.8333332538604700,2.1666667461395300,1.5,4.5,4,2,2.6666667461395300,3.3333332538604700,2.1666667461395300,3.3333332538604700,,0.3333333433,0.5,0.1666666716,0.3333333433,0,0.1666666716,0,0,0,0.3333333433,0.1666666716
California,CA,203,USA_08112016_P1,2016,2016,78,422,0.1848341,,57.52551,55.07912,59.97191,65.43613,63.09276,67.7795,23,High (60-69),8.6233768,8.315487,8.931267,6.1282053,5.670123,6.586287,,3.192307710647580,2.807692289352420,3.038461446762090,2.961538553237920,2.2179486751556400,3.7820513248443600,54.59402,54.59402,,4.2763156890869100,4.3717947006225600,4.5068492889404300,4.5,85.47535,85.1242,,2.7397260665893600,3.2602739334106400,3.1388888359069800,2.8611111640930200,3.2112677097320600,52.08333,50.81731,,3.4222221374511700,2.5777778625488300,2.59183669090271,3.40816330909729,2.1481480598449700,3.8518519401550300,57.70833,56.92664,,2.0151515007019000,3.9848484992981000,3.7361111640930200,3.6527776718139600,2.0410959720611600,3.9589040279388400,1.5882352590560900,4.4117646217346200,74.59016,73.13461,,2.948051929473880,2.5142858028411900,3.4857141971588100,3.3378379344940200,3.0259740352630600,2.115384578704830,49.34783,49.80128,,2.9803922176361100,2.8591549396514900,2.8095238208770800,3.1066665649414100,2.8933334350585900,2.2033898830413800,3.7966101169586200,50.125,51.46795,,2.1492538452148400,3.8507461547851600,1.79365074634552,4.2063493728637700,3.730769157409670,3.7948718070983900,4.5657896995544400,4.2884616851806600,4.3636364936828600,1.4736841917038000,70.70313,69.16266,,4.4153847694397000,4.051948070526120,4.4626865386962900,1.7272727489471400,4.2727274894714400,1.7555555105209400,4.2444443702697800,84.73684,79.7271,,1.9154930114746100,4.0845069885253900,4.4054055213928200,1.5945945978164700,2.6233766078949000,3.3766233921051000,3.9777777194976800,56.99405,56.08574,,4.2702703475952100,4.5,4.2424240112304700,4.3835616111755400,84.76563,82.64022,,8.1298704,1.423076868057250,,7.8974357,7.474359,6.4647889,5.6883116,8.0512819,,2.730769157409670,0.1923076957,1,0.0769230798,0.012820513,0.1923076957,5.9743590354919400,3.666667,0.30769232,5,0.38461539,4,0,0,0,0,0.025641026,0.8974359035,0,0.0384615399,0.97435898,2.8333332538605,3.0769231,8.333333,,7.2948718,6.8205128,7.7435899,,1.5,4.5,4.2222223281860400,4.1940298080444300,3.5357143878936800,2.4642856121063200,1.4117647409439100,4.5882353782653800,2.846153736114500,3.153846263885500,2.4545454978942900,3.5454545021057100,3.175675630569460,3.9066667556762700,,0.5897436142,0.7051281929,0.3333333433,0.3333333433,0.1538461596,0.2051282078,0.1538461596,0.1410256475,0.3461538553,0.3717948794,0.0641025677
Colorado,CO,104,USA_08112016_P1,2016,2016,10,58,0.1724138,,76.02041,,,70.6199,67.36108,73.87871,10,Very High (70 or more),9.1000004,8.572986,9.627015,6.6999998,5.353469,8.046531,,2.2222223281860400,3.7777776718139600,2.4000000953674300,3.5999999046325700,2,4,69.44444,69.04166,,4.1999998092651400,4.6999998092651400,4.625,4.5,87.5,87.375,,3,3,3.5,2.5,2.8571429252624500,47.22222,40.08333,,3.1666667461395300,2.8333332538604700,2,4,1.7999999523162800,4.1999998092651400,68.33334,62.45833,,1.625,4.375,3.7999999523162800,3.7000000476837200,2.5,3.5,1.7777777910232500,4.2222223281860400,70.71429,73,,3.2222223281860400,2,4,3.5999999046325700,3.1111111640930200,2.2857143878936800,61,55.375,,3.5,3.8571429252624500,3,2.5,3.5,1.8333333730697600,4.1666665077209500,68.75,61.775,,1.5,4.5,1.8333333730697600,4.1666665077209500,4.8000001907348600,4.5555553436279300,4.9000000953674300,4.7142858505249000,4.5999999046325700,1.75,82.8125,79.10938,,4.4000000953674300,4.5,4.625,1.8333333730697600,4.1666665077209500,2,4,80,83.325,,1.75,4.25,4.3000001907348600,1.7000000476837200,1.7000000476837200,4.3000001907348600,3.7999999523162800,65.625,62.53125,,4.375,4.5999999046325700,4.5555553436279300,4.5,89.0625,86.4375,,8.1999998,1,,8.666667,8.2222223,6.875,6.5555553,8.666667,,3,0.3000000119,0.8999999762,0.3000000119,0,0.200000003,5.4000000953674300,3.1,0.69999999,5,0.1,3.5,0,0,0,0,0,0.8999999762,0,0,1,2.5,3.4000001,7.8000002,,8.5,7.9000001,7.9000001,,1.7999999523162800,4.1999998092651400,4.2222223281860400,3.75,3.5714285373687700,2.4285714626312300,1.8571428060531600,4.1428570747375500,2.2222223281860400,3.7777776718139600,2.6666667461395300,3.3333332538604700,3,4.5,,0.5,0.5,0.200000003,0.6000000238,0.5,0.200000003,0.1000000015,0,0,0.5,0
Connecticut,CT,204,USA_08112016_P1,2016,2016,12,105,0.1142857,,51.53061,,,67.51392,61.46801,73.55982,15,High (60-69),8.75,8.161984,9.338016,6.75,5.675609,7.824391,,2.8333332538604700,3.1666667461395300,2.5833332538604700,3.4166667461395300,2.25,3.75,61.11111,61.11111,,3.8333332538604700,3.75,4.4166665077209500,4.5,78.125,78.125,,2.6363637447357200,3.3636362552642800,3.2727272510528600,2.7272727489471400,3,50,50.22727,,2.7999999523162800,3.2000000476837200,2.625,3.375,2,4,64.58334,62.61364,,1.7272727489471400,4.2727274894714400,4.0833334922790500,3.8333332538604700,2.2727272510528600,3.7272727489471400,1.7999999523162800,4.1999998092651400,77,75.39584,,3.4166667461395300,2.7272727489471400,3.2727272510528600,3.4545454978942900,3.5,3,54.16667,57.5625,,3.5,3.4000000953674300,3.3333332538604700,3.1666667461395300,2.8333332538604700,2.2222223281860400,3.7777776718139600,60,58.66667,,1.7272727489471400,4.2727274894714400,1.9090908765792800,4.0909090042114300,3.9166667461395300,4.1666665077209500,3.4545454978942900,4.1999998092651400,4.4000000953674300,1.5,71.09375,68.80209,,4.1818180084228500,4.3333334922790500,4.25,1.75,4.25,1.375,4.625,91.66666,82.02273,,2.0909090042114300,3.9090909957885700,4.0833334922790500,1.9166666269302400,1.75,4.25,4.2857141494751000,62.5,64.19271,,3.75,3.5833332538604700,4,3.75,68.75,69.19271,,8.545455,1.4166666269302400,,8,7.1666665,6.7272725,6.1666665,7.5833335,,2.9166667461395300,0.4166666567,1,0.0833333358,0,0.25,6,3.916667,0.25,5,0.16666667,3.41666675,0,0,0,0,0,0.8333333135,0,0,1,2,3.090909,9,,6.9166665,6.8333335,7.5,,1.5833333730697600,4.4166665077209500,4,4,3.1111111640930200,2.8888888359069800,1.4166666269302400,4.5833334922790500,2.5,3.5,2,4,3.3333332538604700,4.25,,0.3333333433,0.4166666567,0.1666666716,0.5,0.4166666567,0.1666666716,0.3333333433,0.0833333358,0.1666666716,0.25,0
District of Columbia,DC,105,USA_08112016_P1,2016,2016,22,133,0.1654135,,61.39456,56.92051,65.86861,66.56656,63.36071,69.77241,19,High (60-69),9.1904764,8.805332,9.575621,7.090909,6.296462,7.885356,,2.6500000953674300,3.3499999046325700,2.8571429252624500,3.1428570747375500,1.9090908765792800,4.0909090042114300,62.5,63.04924,,3.904761791229250,3.904761791229250,4.3000001907348600,4.3809523582458500,77.5,77.59943,,2.8571429252624500,3.1428570747375500,2.4285714626312300,3.5714285373687700,3.2857143878936800,58.33333,50.73864,,3.2000000476837200,2.7999999523162800,2.8181817531585700,3.1818182468414300,1.7272727489471400,4.2727274894714400,63.54166,60.75758,,2.0526316165924100,3.9473683834075900,4.095238208770750,4.095238208770750,2.3636362552642800,3.6363637447357200,1.7777777910232500,4.2222223281860400,75.33334,74.11364,,3.0454545021057100,2.5238094329834000,3.4761905670166000,3.6666667461395300,2.8181817531585700,2.2666666507720900,50.33333,51.89773,,3.7333333492279100,3.4444444179534900,2.5,2.9500000476837200,3.0499999523162800,2.230769157409670,3.769230842590330,53.63636,56.44318,,2.2777776718139600,3.7222223281860400,2.2352941036224400,3.7647058963775600,4,4.0454545021057100,4.2941174507141100,4.3684210777282700,4.5238094329834000,2.5,70.13889,72.01704,,4.1578946113586400,4.3636364936828600,4.4000000953674300,2.25,3.75,2.6666667461395300,3.3333332538604700,73.57143,74.53409,,1.7647058963775600,4.2352943420410200,4.0454545021057100,1.9545454978942900,1.9545454978942900,4.0454545021057100,4.0666666030883800,65.38461,63.92046,,4.095238208770750,4.2727274894714400,3.9000000953674300,4.2272725105285600,76.64474,77.74148,,7.5,1.0454545021057100,,7.4545455,6.590909,6.4705882,6.6363635,7.8636365,,2.8181817531585700,0.227272734,0.9545454383,0.227272734,0.0454545468,0.1818181872,5.5238094329834000,3.681818,0.45454547,5,0.04545455,2.9545455,0,0,0,0,0,0.5909090638,0,0,0.95454544,2.7727272510529,3.7272727,8,,6.909091,6.909091,8.5,,1.5454545021057100,4.4545454978942900,4.2857141494751000,4.25,3.7142856121063200,2.2857143878936800,1.6315789222717300,4.3684210777282700,2.7999999523162800,3.2000000476837200,2.0526316165924100,3.9473683834075900,3.6666667461395300,4.5714287757873500,,0.227272734,0.5909090638,0,0.3181818128,0.1818181872,0.2727272809,0.0454545468,0,0.1363636404,0.0909090936,0.0454545468
Delaware,DE,205,USA_08112016_P1,2016,2016,3,20,0.15,,,,,67.64456,60.81393,74.4752,14,High (60-69),9,8.032415,9.967585,6,4.064832,7.935168,,3,3,4.3333334922790500,1.6666666269302400,3.5,2.5,37.5,35.83333,,4,4.3333334922790500,4.3333334922790500,4.3333334922790500,81.25,81.25,,2.6666667461395300,3.3333332538604700,4,2,2.5,37.5,39.44444,,,,,,,,,58.33334,,2,4,4.6666665077209500,4.3333334922790500,2.5,3.5,2,4,75,79.25,,3.6666667461395300,3,3,4,3.6666667461395300,,,59.25,,,4.5,4.5,3.6666667461395300,2.3333332538604700,,,,57.5,,1.5,4.5,2,4,5,4.3333334922790500,4,4.5,4.6666665077209500,3,,79.375,,4.5,4.6666665077209500,4.3333334922790500,,,,,,81.83334,,1,5,4.5,1.5,1.6666666269302400,4.3333334922790500,,,61.5625,,4,4.3333334922790500,4,4.3333334922790500,71.875,79.58334,,7.3333335,2,,9.333333,8,5,5.3333335,7.3333335,,3,0,1,0,0,0,6,3.666667,0.66666669,5,0,3.33333325,0,0,0,0,0,1,0,0,1,2,3,7.3333335,,8,8,8.333333,,1.5,4.5,4,4,4,2,2.3333332538604700,3.6666667461395300,3.6666667461395300,2.3333332538604700,4,2,2.3333332538604700,4.6666665077209500,,0,0.3333333433,0,0,0,0.3333333433,0,0,0.6666666865,0,0
Florida,FL,206,USA_08112016_P1,2016,2016,23,116,0.1982759,,57.65306,56.46149,58.84464,58.2154,55.17355,61.25724,38,Moderate (50-59),7.2173915,6.436306,7.998477,6.652174,5.79874,7.505608,,3.3181817531585700,2.6818182468414300,3.7391304969787600,2.2608695030212400,3.7391304969787600,2.2608695030212400,35.60606,34.96377,,3.6956522464752200,3.9545454978942900,4.0476188659668000,3.95652174949646,72.91666,72.9212,,4.5454545021057100,1.4545454978942900,4.4545454978942900,1.5454545021057100,1.7727272510528600,14.77273,15,,3.6666667461395300,2.3333332538604700,2.9333333969116200,3.0666666030883800,2,4,53.33333,53.07971,,2.3499999046325700,3.6500000953674300,3.6521739959716800,3.5652174949646000,2.1739130020141600,3.8260869979858400,1.7222222089767500,4.2777776718139600,72.5,70.25,,2.8695652484893800,2.8095238208770800,3.1904761791229200,2.952380895614620,2.95652174949646,2.3157894611358600,45,46.31522,,2.8888888359069800,3,2.5,3.6086957454681400,2.3913042545318600,3.0588235855102500,2.9411764144897500,41,44.96739,,2.5789473056793200,3.4210526943206800,1.7777777910232500,4.2222223281860400,3.6086957454681400,4,4.3478260040283200,4.2352943420410200,4.470588207244870,1.6470588445663500,70.9375,68.45788,,4.4117646217346200,4.3913044929504400,4.2380952835083000,2.8888888359069800,3.1111111640930200,2.153846263885500,3.846153736114500,78.57143,77.78261,,2.1052632331848100,3.8947367668151900,3.95652174949646,2.04347825050354,1.8571428060531600,4.1428570747375500,3.8571429252624500,62.5,62.13315,,3.1304347515106200,3.8095238208770800,3.7619047164917000,3.6818182468414300,65.78947,64.74184,,7.826087,1.1739130020141600,,6.826087,4.9565215,4.0869565,6.0434785,6.7391305,,2.8181817531585700,0,1,0,0.0434782617,0.1739130467,5.8695650100708000,3.521739,0.30434781,5,0.08695652,3.43478251,0,0,0.0434782617,0,0,0.8695651889,0,0,0.95652175,2.8260869979858,3.3913043,8.782609,,7.2608695,7.0869565,8.347826,,2.1304347515106200,3.8695652484893800,4.3157896995544400,4.3157896995544400,3.5499999523162800,2.4500000476837200,1.3500000238418600,4.6500000953674300,3.6956522464752200,2.3043477535247800,2.7222223281860400,3.2777776718139600,2.6818182468414300,3.95652174949646,,0.4347825944,0.4347825944,0.0434782617,0.6521739364,0.2173912972,0.0434782617,0.1739130467,0.0434782617,0.1304347813,0.2608695626,0
Georgia,GA,207,USA_08112016_P1,2016,2016,16,84,0.1904762,,52.04082,50.37127,53.71036,57.38604,53.69152,61.08056,43,Moderate (50-59),7.1875,6.434605,7.940395,6.4375,5.704291,7.170709,,3.4666666984558100,2.5333333015441900,3.5625,2.4375,3.5625,2.4375,37.22222,36.58854,,3.8125,3.8571429252624500,3.7333333492279100,3.875,72.59615,70.50781,,4.1666665077209500,1.8333333730697600,4.2857141494751000,1.7142857313156100,1.7857142686843900,19.44444,20.10417,,3.9090909957885700,2.0909090042114300,3.1818182468414300,2.8181817531585700,1.8888888359069800,4.1111111640930200,57.29167,49.29688,,2.307692289352420,3.692307710647580,3.3571429252624500,3.3571429252624500,2.5454545021057100,3.4545454978942900,1.8333333730697600,4.1666665077209500,65,66.32813,,3.0833332538604700,2.9090909957885700,3.0909090042114300,3.0833332538604700,2.9166667461395300,2.6666667461395300,46.25,49.5625,,2.875,3.5999999046325700,2.7272727489471400,3,3,2.7777776718139600,3.2222223281860400,62.5,49.08036,,2.0833332538604700,3.9166667461395300,1.8333333730697600,4.1666665077209500,3.25,3.75,4,3.923076868057250,4.153846263885500,1.384615421295170,63.19444,64.89584,,4.0909090042114300,4.1875,4.0769228935241700,2.2857143878936800,3.7142856121063200,2.2000000476837200,3.7999999523162800,75,74.70313,,1.7857142686843900,4.2142858505249000,4.1428570747375500,1.8571428060531600,1.9333332777023300,4.0666666030883800,4,65,62.8125,,2.9285714626312300,3.384615421295170,3.4166667461395300,3.538461446762090,55,60.78218,,7.0625,1.8125,,7.25,5.8125,4.090909,5.5,6.3125,,2.9375,0.1875,1,0.0625,0,0.1875,6,3.625,0.3125,4.9375,0,3.6875,0,0,0,0,0.0625,0.9375,0,0,0.9375,2.5625,3.5625,8.125,,7.375,6.8125,8.5,,1.7333333492279100,4.2666668891906700,4.3571429252624500,4.1666665077209500,4,2,1.4285714626312300,4.5714287757873500,3.7142856121063200,2.2857143878936800,2.4545454978942900,3.5454545021057100,2.8666665554046600,4.1333332061767600,,0.375,0.625,0.125,0.5,0.1875,0.1875,0.0625,0,0.0625,0.375,0.0625
Hawai'i,HI,208,USA_08112016_P1,2016,2016,4,19,0.2105263,,,,,72.33418,65.56434,79.10403,8,Very High (70 or more),9.25,8.447721,10.05228,6.5,4.755663,8.244337,,2.5,3.5,3,3,1.5,4.5,66.66666,66.66666,,4,4.25,4.5,4.75,84.375,84.375,,2,4,2.75,3.25,3.25,62.5,62.5,,2,4,2,4,1.5,4.5,80.55556,75.625,,1.75,4.25,4,4.25,1.5,4.5,1.5,4.5,82.5,82.5,,3.75,2.3333332538604700,3.6666667461395300,4,4.25,2,70,62.375,,4,4,4,2.75,3.25,2,4,67.5,66.1875,,1.25,4.75,1.5,4.5,4.5,3.5,4.3333334922790500,4.5,4.3333334922790500,1.25,71.875,73.20313,,4,4.5,4.5,2,4,2,4,90,78.625,,1.3333333730697600,4.6666665077209500,3.6666667461395300,2.3333332538604700,2,4,4,81.25,66.17188,,4.25,4.25,3.75,3.5,73.4375,73.4375,,8.75,2,,7.5,7.25,8,3.75,5.5,,2.75,0.25,1,0,0,0,6,3.5,0,5,0.25,3.75,0,0,0,0,0,1,0,0,1,2,2,8.25,,8.5,7,9,,1,5,4.5,4.75,3.25,2.75,1.25,4.75,2.75,3.25,1.5,4.5,2.75,4.25,,0.25,0.5,0.25,0.25,0,0.25,0.25,0,0.25,0,0.25
Iowa,IA,210,USA_08112016_P1,2016,2016,9,33,0.2727273,,,,,73.10496,68.82892,77.381,4,Very High (70 or more),9.4444447,9.038606,9.850284,6.5555553,5.469764,7.641346,,3.1111111640930200,2.8888888359069800,3.1111111640930200,2.8888888359069800,1.7777777910232500,4.2222223281860400,58.33333,58.33333,,4.7777776718139600,4.7777776718139600,4.7777776718139600,4.7777776718139600,94.44444,94.44444,,1.7777777910232500,4.2222223281860400,2.2222223281860400,3.7777776718139600,3.7777776718139600,73.14815,73.14815,,2.2000000476837200,3.7999999523162800,3,3,2.3333332538604700,3.6666667461395300,63.33333,60.3125,,1.625,4.375,4.4444446563720700,4,2.4444444179534900,3.5555555820465100,1.375,4.625,80.625,80.625,,3.6666667461395300,2.125,3.875,4.2222223281860400,3.7777776718139600,2.2857143878936800,65,64.25,,3.5,3.7777776718139600,3.125,2.875,3.125,1.7142857313156100,4.2857141494751000,65,59.42857,,1.1428571939468400,4.8571429252624500,1.75,4.25,4,4,3.8888888359069800,4.125,4.5,1.1428571939468400,65.625,70.75893,,4.6666665077209500,4.6666665077209500,4.75,1.5,4.5,1.7142857313156100,4.2857141494751000,93.75,89.71429,,1.2857142686843900,4.7142858505249000,4.3333334922790500,1.6666666269302400,1.6666666269302400,4.3333334922790500,4,66.66666,65.625,,4.6666665077209500,4.5555553436279300,4.3333334922790500,4.6666665077209500,88.88889,88.88889,,8.666667,1.75,,8.333333,6.5,6.6666665,8,8.8888893,,2.7777776718139600,0.2222222239,1,0,0,0,6,4.333333,0.33333334,5,0.22222222,3.875,0,0,0,0,0,1,0,0,1,3.5555555820465,3.75,9.5555553,,6.4444447,7,8.5555553,,1.1111111640930200,4.8888888359069800,4.6666665077209500,4.7777776718139600,2.5,3.5,1.625,4.375,1.6666666269302400,4.3333334922790500,1.75,4.25,4.1111111640930200,4.8888888359069800,,0.4444444478,0.4444444478,0.3333333433,0.3333333433,0.4444444478,0,0,0,0.1111111119,0.1111111119,0
Idaho,ID,106,USA_08112016_P1,2016,2016,5,22,0.2272727,,82.14286,,,73.46429,68.28637,78.6422,2,Very High (70 or more),8.8000002,8.172934,9.427067,7.1999998,6.572934,7.827066,,2.2000000476837200,3.7999999523162800,3.4000000953674300,2.5999999046325700,2.4000000953674300,3.5999999046325700,58.33333,58.33333,,5,4.5999999046325700,5,5,97.5,97.5,,2.5,3.5,3.25,2.75,3,52.08333,46.08333,,2.3333332538604700,3.6666667461395300,1.3333333730697600,4.6666665077209500,1.5,4.5,87.5,65.66666,,2.2000000476837200,3.7999999523162800,4.5999999046325700,4.1999998092651400,2,4,1.25,4.75,82.5,81.55,,4.1999998092651400,2.2000000476837200,3.7999999523162800,4,4.4000000953674300,2,62.5,67.55,,3.5,3,3.5999999046325700,2.2000000476837200,3.7999999523162800,2.3333332538604700,3.6666667461395300,66.66666,61.45,,1.6000000238418600,4.4000000953674300,1.7999999523162800,4.1999998092651400,4.5999999046325700,2.7999999523162800,4.75,5,5,1,82.8125,73.125,,4.5999999046325700,4.8000001907348600,4.1999998092651400,1.3333333730697600,4.6666665077209500,1.25,4.75,93.33334,87.8,,1.3999999761581400,4.5999999046325700,3.4000000953674300,2.5999999046325700,1.2000000476837200,4.8000001907348600,4,72.91666,74.4375,,4.4000000953674300,4,4.1999998092651400,4.4000000953674300,81.25,81.25,,7.5999999,1.7999999523162800,,7.1999998,5.5999999,4.8000002,6.8000002,8.6000004,,3,0,1,0,0,0.200000003,6,2.8,0,5,0.2,3.20000005,0,0,0,0,0,1,0,0,1,4.5999999046326,3.5999999,9.1999998,,5.4000001,6.4000001,7.1999998,,1,5,5,4.8000001907348600,2.4000000953674300,3.5999999046325700,1.6000000238418600,4.4000000953674300,1,5,1.2000000476837200,4.8000001907348600,4.5999999046325700,5,,0.400000006,0.400000006,0.200000003,0.200000003,0.400000006,0.200000003,0.200000003,0,0,0.400000006,0
Illinois,IL,209,USA_08112016_P1,2016,2016,36,183,0.1967213,,68.87755,68.67601,69.07909,63.93282,61.77791,66.08774,25,High (60-69),8.3888893,7.949639,8.828139,6.9444447,6.354961,7.533928,,3.3055555820465100,2.6944444179534900,3.6388888359069800,2.3611111640930200,2.4285714626312300,3.5714285373687700,47.14286,46.64352,,4.1428570747375500,4.1666665077209500,4.4285712242126500,4.5428571701049800,82.72059,82.84722,,4.1818180084228500,1.8181818723678600,4.470588207244870,1.529411792755130,1.6176470518112200,16.41414,17.60417,,3.095238208770750,2.904761791229250,2.1904761791229200,3.8095238208770800,2,4,62.7451,60.71759,,2.4838709831237800,3.5161290168762200,4.0571427345275900,4,2.375,3.625,1.4642857313156100,4.5357141494751000,77.08334,73.84028,,2.9166667461395300,2.5333333015441900,3.4666666984558100,3.6666667461395300,3.0833332538604700,2.538461446762090,53.26087,53.10417,,2.7826087474823000,2.9393939971923800,2.8611111640930200,3.7222223281860400,2.2777776718139600,2.559999942779540,3.440000057220460,50,47.15972,,1.7777777910232500,4.2222223281860400,1.8928571939468400,4.1071429252624500,4.25,3.6666667461395300,4.625,4.3214287757873500,4.2666668891906700,1.517241358757020,75.97656,71.21962,,4.5714287757873500,4.6285715103149400,4.4827585220336900,2,4,1.9545454978942900,4.0454545021057100,85.55556,82.84722,,1.696969747543340,4.3030304908752400,4.1428570747375500,1.8571428060531600,1.9722222089767500,4.0277776718139600,3.8333332538604700,64.84375,62.92535,,4.2285714149475100,4.2727274894714400,4.0689654350280800,4.2857141494751000,81.89655,80.05209,,8.2058821,1.2222222089767500,,6.9722223,4.4444447,4.0384617,5.6388888,7.75,,2.7777776718139600,0.1388888955,0.944444418,0.0833333358,0,0.027777778,5.8333334922790500,3.638889,0.33333334,5,0.19444445,3.75,0,0,0.055555556,0,0,0.8611111045,0,0.027777778,0.97222221,2.611111164093,3.8611112,8.25,,6.5833335,5.8888888,8.3611107,,1.485714316368100,4.5142855644226100,4.3030304908752400,4.2580647468566900,3.2333333492279100,2.7666666507720900,1.6451612710952800,4.3548388481140100,2.7714285850524900,3.2285714149475100,2.4000000953674300,3.5999999046325700,2.9142856597900400,4.4722223281860400,,0.472222209,0.75,0.277777791,0.277777791,0.2222222239,0.1666666716,0,0.0833333358,0.2222222239,0.3611111045,0.055555556
Indiana,IN,107,USA_08112016_P1,2016,2016,15,106,0.1415094,,70.91837,,,63.01385,59.10229,66.9254,29,High (60-69),7.2142859,6.451869,7.976702,6.7857141,6.023298,7.548131,,3,3,3.5333333015441900,2.4666666984558100,3.7333333492279100,2.2666666507720900,39.44444,39.44444,,3.7999999523162800,3.6666667461395300,4.3076925277710000,4.384615421295170,79.32692,76.89732,,4,2,3.9285714626312300,2.0714285373687700,2,25.59524,25.59524,,3.9000000953674300,2.0999999046325700,3.2000000476837200,2.7999999523162800,2.25,3.75,48.80952,48.77976,,2.25,3.75,4.5,4.1428570747375500,2.153846263885500,3.846153736114500,1.25,4.75,84.5,79.75,,3.4000000953674300,2.4285714626312300,3.5714285373687700,3.769230842590330,3.2857143878936800,2.5555555820465100,55.625,57.64286,,3.1818182468414300,3.230769157409670,3,2.5999999046325700,3.4000000953674300,2.875,3.125,57.5,54.69643,,2,4,2,4,3.5999999046325700,4.0666666030883800,3.923076868057250,4,4.0714287757873500,1.5714285373687700,69.79166,66.59599,,4.5454545021057100,4.4000000953674300,4.5454545021057100,2,4,1.8571428060531600,4.1428570747375500,82.5,80.05357,,1.6666666269302400,4.3333334922790500,4.1999998092651400,1.7999999523162800,1.7142857313156100,4.2857141494751000,4.25,65.625,64.91071,,3.769230842590330,4.0714287757873500,3.6363637447357200,4.0714287757873500,72.15909,71.94196,,8.2857141,1.7999999523162800,,7.4666667,6.1999998,5.7272725,5.8000002,7.6666665,,2.7142856121063200,0,1,0.0666666701,0,0.1333333403,6,3.6,0.26666668,4.9285712242,0.2,3.78571439,0,0,0,0,0,0.8000000119,0,0,0.93333334,2.7333333492279,3.1333334,8.1999998,,6.5999999,7.5999999,8.8666668,,1.7142857313156100,4.2857141494751000,4.5,4.4166665077209500,4.0714287757873500,1.9285714626312300,1.5384615659713700,4.4615383148193400,4.1333332061767600,1.8666666746139500,2.4444444179534900,3.5555555820465100,3.5,4.6428570747375500,,0.6000000238,0.8000000119,0.4666666687,0.1333333403,0.1333333403,0.1333333403,0.200000003,0.0666666701,0.1333333403,0.3333333433,0.0666666701
Kansas,KS,108,USA_08112016_P1,2016,2016,4,30,0.1333333,,49.2347,44.70009,53.7693,61.77296,49.14983,74.39609,33,High (60-69),8,7.032416,8.967585,8,6.814956,9.185043,,3,3,3.75,2.25,4,2,35.41666,35.41666,,4.25,4,4,4,76.5625,76.5625,,3,3,3,3,2.75,47.91667,47.91667,,4,2,3,3,1.5,4.5,54.16666,54.16666,,2.25,3.75,4.25,4,2,4,1.75,4.25,76.25,76.25,,3.25,2.25,3.75,4,3.25,2,55,56.5,,4,3,3.25,3,3,2.5,3.5,55,57,,2.5,3.5,1.5,4.5,3.5,3.75,4,3.6666667461395300,4,1.6666666269302400,62.5,64.375,,4.25,3.25,4.5,3,3,2.3333332538604700,3.6666667461395300,57.5,70.5625,,2,4,3.75,2.25,1.5,4.5,4,66.66666,66.64063,,2.75,3.5,3.5,3.25,56.25,56.25,,9.25,2,,9,2.25,4.5,6.25,6.75,,3,0,1,0,0,0,6,3.5,0.5,5,0,3.5,0,0,0,0,0,0.5,0,0,0.75,2.5,2.75,9.75,,6.5,9.25,9.25,,1.5,4.5,4.25,4.25,3.75,2.25,2.5,3.5,4.25,1.75,3,3,2,4.5,,0.25,0.75,0.5,0,0.25,0,0,0.25,0,0,0
Kentucky,KY,211,USA_08112016_P1,2016,2016,4,22,0.1818182,,67.34694,,,62.49362,57.91874,67.0685,31,High (60-69),7,5.064832,8.935168,6.75,4.655119,8.844881,,2.75,3.25,4,2,2.5,3.5,47.91666,47.91666,,3.75,4,4.25,4.25,76.5625,76.5625,,3.25,2.75,4,2,2.5,35.41666,35.41666,,4,2,3.5,2.5,2.5,3.5,41.66666,45.52083,,2,4,4.75,4.5,1.75,4.25,1,5,87.5,83.375,,2.5,2.3333332538604700,3.6666667461395300,3.3333332538604700,2.5,1.5,45,42.875,,4,3.3333332538604700,2.75,3,3,2,4,63.33333,57.4375,,2.5,3.5,3,3,4,2.75,3.6666667461395300,4,4.3333334922790500,1.75,56.25,60.78125,,4,5,4,2.5,3.5,2.5,3.5,70,77,,1,5,3.3333332538604700,2.6666667461395300,1.5,4.5,4,81.25,71.5625,,4,3.5,4,4.25,72.91666,73.35938,,8,3.25,,7.25,6.25,5.75,7,8,,2.5,0.25,1,0.25,0,0.25,6,4,0.5,5,0,3.5,0,0,0,0,0,1,0,0,1,2,4.75,8.75,,6.5,7,9.25,,1.75,4.25,4.5,4.25,3,3,1.5,4.5,2.6666667461395300,3.3333332538604700,2.3333332538604700,3.6666667461395300,4.5,5,,0.75,1,0,0.5,0,0,0,0.25,0.25,0,0
Louisiana,LA,212,USA_08112016_P1,2016,2016,8,45,0.1777778,,66.83673,,,70.89286,65.30206,76.48367,9,Very High (70 or more),9.25,8.831024,9.668976,8.25,7.724785,8.775214,,2.25,3.75,2.875,3.125,2.5,3.5,61.45833,61.45833,,4.25,4.25,4.25,4.625,83.59375,83.59375,,3.1666667461395300,2.8333332538604700,3.2857143878936800,2.7142856121063200,2.7142856121063200,43.05556,40.52083,,2.2000000476837200,3.7999999523162800,1.6666666269302400,4.3333334922790500,2.2857143878936800,3.7142856121063200,76.66666,66.40625,,1.75,4.25,4,4.25,1.4285714626312300,4.5714287757873500,1.75,4.25,82.14286,81.34375,,3.625,2.2857143878936800,3.7142856121063200,3.875,4,2.3333332538604700,64,62.71875,,3.6666667461395300,3.5,4,2.375,3.625,2.2857143878936800,3.7142856121063200,69,65.96875,,1.8571428060531600,4.1428570747375500,1.875,4.125,4.375,4.125,3.5714285373687700,4,4.1999998092651400,2,68.75,70.44922,,4.5714287757873500,4.5,4.625,3,3,2.2000000476837200,3.7999999523162800,81.25,79.71875,,1.5,4.5,2.5714285373687700,3.4285714626312300,1.75,4.25,3.75,71.875,74.88281,,4.25,3.875,4.4285712242126500,4.375,81.25,80.58594,,9,1,,5.875,5.875,5,5.75,7.625,,2.625,0.125,1,0.125,0,0.125,6,4.5,0.125,5,0.375,4,0,0,0,0,0,0.75,0,0,1,2.625,5.125,8.875,,4.125,6.625,8.75,,1.625,4.375,4.375,4.375,3.5,2.5,1.2857142686843900,4.7142858505249000,2.25,3.75,1.8333333730697600,4.1666665077209500,3.875,4.625,,0.75,0.875,0.375,0,0.125,0.375,0,0.5,0.625,0.25,0
Massachusetts,MA,214,USA_08112016_P1,2016,2016,37,231,0.1601732,,70.71429,67.11861,74.30997,67.10176,64.17577,70.02776,17,High (60-69),8.8648653,8.58811,9.141621,6.2432432,5.615621,6.870865,,3.1714286804199200,2.8285713195800800,3.0833332538604700,2.9166667461395300,2.0540540218353300,3.9459459781646700,55.23809,55.83333,,4.3611111640930200,4.2432432174682600,4.5999999046325700,4.7142858505249000,87.68382,86.77365,,3.0882353782653800,2.9117646217346200,3.7575757503509500,2.2424242496490500,2.3939394950866700,37.62626,37.53378,,3.0869565010070800,2.9130434989929200,2.2272727489471400,3.7727272510528600,1.95652174949646,4.0434784889221200,64.16666,63.86574,,1.9354838132858300,4.0645160675048800,4.2222223281860400,4,2.029411792755130,3.970588207244870,1.5454545021057100,4.4545454978942900,80.89286,78.27702,,3.2432432174682600,2.6764705181121800,3.3235294818878200,3.6470587253570600,3.2162163257598900,2.4848484992981000,54.10714,54.91216,,3.076923131942750,3.2000000476837200,2.5999999046325700,3.1081080436706500,2.8918919563293500,2.4827585220336900,3.5172414779663100,52.04546,51.42567,,1.8064515590667700,4.1935482025146500,1.9032257795333900,4.0967741012573200,4.297297477722170,3.8378379344940200,4.1470589637756300,4.1666665077209500,4.5625,1.5555555820465100,72.47024,71.60473,,4.1818180084228500,4.4594593048095700,4.4242424964904800,2.4285714626312300,3.5714285373687700,1.9600000381469700,4.0399999618530300,80.35714,80,,1.6470588445663500,4.3529410362243700,4.1944446563720700,1.8055555820465100,1.8611111640930200,4.1388888359069800,4,65.625,64.0625,,4.3529410362243700,4.3055553436279300,3.970588207244870,4.2727274894714400,80.30303,80.46452,,8.5294113,1.162162184715270,,8.0270271,7.3513513,6.6969695,5.6486487,7.5675673,,2.7567567825317400,0.1891891956,1,0.0810810775,0.0270270277,0.1081081107,5.9722223281860400,3.945946,0.2972973,5,0.10810811,3.75675678,0,0,0,0,0,0.8918918967,0,0,0.97297299,2.5405404567719,2.9444444,8.6388893,,6.9459457,6.3243241,7.9729729,,1.5,4.5,4.3636364936828600,4.3333334922790500,3.21875,2.78125,1.3235293626785300,4.6764707565307600,3.2222223281860400,2.7777776718139600,2.125,3.875,3,4.5277776718139600,,0.5675675869,0.6756756902,0.1891891956,0.2432432473,0.2972972989,0.2432432473,0.1351351291,0.1081081107,0.2972972989,0.3783783913,0.0810810775
Maryland,MD,109,USA_08112016_P1,2016,2016,14,93,0.1505376,,59.18367,,,69.66108,66.68307,72.63908,11,High (60-69),8.6428576,8.04432,9.241395,6.8571429,5.946688,7.767598,,2.769230842590330,3.230769157409670,2.7857143878936800,3.2142856121063200,1.6428571939468400,4.3571429252624500,64.74359,65.2381,,4.2857141494751000,4.5,4.7142858505249000,4.5714287757873500,87.94643,87.94643,,4,2,3.846153736114500,2.153846263885500,1.8461538553237900,23.61111,25.56548,,3.5,2.5,2,4,2,4,58.33333,61.90476,,1.5833333730697600,4.4166665077209500,4.2142858505249000,4.2857141494751000,1.8461538553237900,4.153846263885500,1.8333333730697600,4.1666665077209500,81.81818,80.60714,,3.4285714626312300,1.8999999761581400,4.0999999046325700,3.8333332538604700,3.0714285373687700,2.4444444179534900,58.57143,58.58929,,3.25,3.7142856121063200,3.8181817531585700,3.0714285373687700,2.9285714626312300,1.6666666269302400,4.3333334922790500,67.5,60.42857,,1.8333333730697600,4.1666665077209500,1.7272727489471400,4.2727274894714400,4.2857141494751000,4.6428570747375500,4.5384616851806600,4.4166665077209500,4.3000001907348600,1.7692307233810400,78.125,75.74776,,4.384615421295170,4.4285712242126500,4.3076925277710000,1.8333333730697600,4.1666665077209500,1.6666666269302400,4.3333334922790500,83.33334,82.21429,,1.923076868057250,4.0769228935241700,3.9285714626312300,2.0714285373687700,1.923076868057250,4.0769228935241700,3.75,57.8125,62.65625,,4.3571429252624500,4.5,4.230769157409670,4.4285712242126500,84.61539,84.41964,,8,1,,8.2142859,7.4285712,7.25,7,8.4285717,,2.461538553237920,0.1428571492,1,0.0714285746,0.0714285746,0.0714285746,6,4.142857,0.42857143,5,0.14285715,3.64285707,0,0,0.0714285746,0,0.0714285746,0.8571428657,0,0,0.9285714,2.5714285373688,2.7142856,8.9285717,,7.5,6.0714288,7.3571429,,1.4285714626312300,4.5714287757873500,4.2857141494751000,4.3076925277710000,3.769230842590330,2.230769157409670,1.8333333730697600,4.1666665077209500,2.0714285373687700,3.9285714626312300,2,4,3.5714285373687700,4.5,,0.5,0.6428571343,0.2857142985,0.2142857164,0.2857142985,0.0714285746,0.0714285746,0.2142857164,0.1428571492,0.5,0.0714285746
Maine,ME,213,USA_08112016_P1,2016,2016,10,20,0.5,,63.77551,,,72.49745,68.8657,76.1292,6,Very High (70 or more),9.6000004,9.229444,9.970557,7.1999998,6.652652,7.747348,,2.7000000476837200,3.2999999523162800,2.7000000476837200,3.2999999523162800,1.7000000476837200,4.3000001907348600,65.83334,65.83334,,4.5,4.4000000953674300,4.6999998092651400,4.6666665077209500,89.58334,88.84375,,2.1111111640930200,3.8888888359069800,2.4444444179534900,3.5555555820465100,3.5555555820465100,66.66666,61.875,,3,3,2.125,3.875,2.1666667461395300,3.8333332538604700,61.66666,61.70833,,1.7999999523162800,4.1999998092651400,4.1999998092651400,4.0999999046325700,1.8999999761581400,4.0999999046325700,1.125,4.875,82.5,82.025,,3.8888888359069800,2.3333332538604700,3.6666667461395300,4.125,3.6666667461395300,2.5714285373687700,65.71429,62.775,,3.7999999523162800,4,2.8888888359069800,3,3,2.375,3.625,61.875,60.225,,1.5,4.5,1.8571428060531600,4.1428570747375500,4.4444446563720700,4.3333334922790500,4.6666665077209500,4.1428570747375500,4.7142858505249000,1.25,75.52084,74.85938,,4.5555553436279300,4.4000000953674300,4.6666665077209500,2,4,1.1666666269302400,4.8333334922790500,88.75,85.15,,2.4444444179534900,3.5555555820465100,4.4444446563720700,1.5555555820465100,2.0999999046325700,3.9000000953674300,4.25,53.57143,58.09375,,4.5,4.4000000953674300,4.5555553436279300,4.5,87.5,86.65625,,8.7777777,1,,8.6999998,5.6999998,6.6666665,6.9000001,8.8999996,,2.5999999046325700,0.1000000015,1,0,0,0.1000000015,6,4.3,0.40000001,5,0,3.9000001,0,0,0,0,0,1,0,0,1,3.5,3.2,7.6999998,,6.9000001,6.8000002,7.5999999,,1.5,4.5,4.5999999046325700,4.5999999046325700,3.1428570747375500,2.8571429252624500,1.625,4.375,2,4,2.125,3.875,3.5999999046325700,4,,0.400000006,0.6999999881,0.3000000119,0.3000000119,0.1000000015,0.1000000015,0.200000003,0,0.1000000015,0.200000003,0
Michigan,MI,110,USA_08112016_P1,2016,2016,24,130,0.1846154,,55.22959,45.82576,64.63342,57.46811,52.92907,62.00715,41,Moderate (50-59),7.521739,6.7039,8.339578,6.9166665,6.07922,7.754113,,3.2083332538604700,2.7916667461395300,3.8695652484893800,2.1304347515106200,3.0416667461395300,2.9583332538604700,42.02898,40.76389,,4,3.6666667461395300,4.0454545021057100,3.9583332538604700,74.70238,72.85156,,4.3636364936828600,1.6363636255264300,4.6363635063171400,1.3636363744735700,1.5454545021057100,12.87879,13.125,,3.692307710647580,2.307692289352420,2.7857143878936800,3.2142856121063200,2.0625,3.9375,51.51515,52.95139,,2.4117646217346200,3.5882353782653800,4.0909090042114300,3.8095238208770800,1.8999999761581400,4.0999999046325700,1.5555555820465100,4.4444446563720700,73.82353,74.0625,,3,2.5789473056793200,3.4210526943206800,3.3181817531585700,3.4347825050354000,1.8235293626785300,51.92308,50.75,,2.8125,2.952380895614620,2.3333332538604700,3.1666667461395300,2.8333332538604700,2.2105262279510500,3.7894737720489500,44.61538,48.88542,,2.3809523582458500,3.6190476417541500,2.263157844543460,3.736842155456540,3.7083332538604700,4.125,4.0434784889221200,3.375,4.4499998092651400,1.263157844543460,59.6875,64.3099,,3.9411764144897500,3.0833332538604700,4.1428570747375500,1.8999999761581400,4.0999999046325700,1.9375,4.0625,75,71.3125,,3.6190476417541500,2.3809523582458500,4.2083334922790500,1.7916666269302400,1.7272727489471400,4.2727274894714400,3.3684210777282700,48.33333,50.66406,,3.5999999046325700,3.7142856121063200,3.4090909957885700,3.6956522464752200,67.76316,65.45573,,7.7083335,1.3913043737411500,,6.0833335,5,3.9473684,5.8333335,7,,2.75,0.125,0.9583333135,0.0416666679,0,0.125,5.875,3.541667,0.33333334,5,0.20833333,3.83333325,0.0416666679,0.0416666679,0,0,0,0.9166666865,0,0,0.95833331,2.5833332538605,3.625,8.291667,,7.125,6.75,8.5,,1.8260869979858400,4.1739130020141600,3.8181817531585700,3.8499999046325700,4.1999998092651400,1.7999999523162800,1.6818181276321400,4.3181819915771500,3.4782607555389400,2.5217392444610600,2.1111111640930200,3.8888888359069800,2.7727272510528600,3.625,,0.5416666865,0.75,0.2083333284,0.375,0.0833333358,0.125,0.0833333358,0.1666666716,0.25,0.375,0.0416666679
Minnesota,MN,215,USA_08112016_P1,2016,2016,12,50,0.24,,71.59864,66.93923,76.25805,68.641,64.00228,73.27972,13,High (60-69),8.666667,7.783388,9.549947,6,4.762262,7.237738,,2.8333332538604700,3.1666667461395300,2.5,3.5,2.25,3.75,61.80556,61.80556,,4.4166665077209500,4.4166665077209500,4.6666665077209500,4.6666665077209500,88.54166,88.54166,,3.25,2.75,3.5833332538604700,2.4166667461395300,2.5833332538604700,39.58333,39.58333,,3.4285714626312300,2.5714285373687700,2.1111111640930200,3.8888888359069800,2.1666667461395300,3.8333332538604700,63.88889,61.21212,,1.8181818723678600,4.1818180084228500,4.0833334922790500,4.0833334922790500,2,4,1.3333333730697600,4.6666665077209500,80.90909,80.14584,,3.1666667461395300,2.0909090042114300,3.9090909957885700,3.4166667461395300,3,1.875,46.875,50.90909,,3.2222223281860400,3.5454545021057100,2.9090909957885700,2.8181817531585700,3.1818182468414300,2.1818182468414300,3.8181817531585700,65,57.70833,,1.3636363744735700,4.6363635063171400,1.5,4.5,4.0833334922790500,3.9166667461395300,4.4444446563720700,4.3636364936828600,4.4444446563720700,1.75,79.16666,75.35511,,4.3333334922790500,4.3333334922790500,4.3636364936828600,2.1666667461395300,3.8333332538604700,1.7272727489471400,4.2727274894714400,84,81.77273,,1.9090908765792800,4.0909090042114300,4.3333334922790500,1.6666666269302400,1.5454545021057100,4.4545454978942900,4.2222223281860400,64.58334,64.16666,,4.0833334922790500,4.4545454978942900,4.3000001907348600,4.25,81.875,81.76136,,8.5,1.3333333730697600,,7.8333335,7.3333335,6,5.6666665,7.8333335,,2.25,0.3333333433,1,0.0833333358,0,0.25,6,3.833333,0.08333334,4.9166665077,0,3.75,0,0,0,0,0,0.9166666865,0,0.0833333358,1,3.3636362552643,2.9166667,8.5,,7.75,7.4166665,8,,1.75,4.25,4.1666665077209500,4.0833334922790500,3.4545454978942900,2.5454545021057100,1.5833333730697600,4.4166665077209500,2.9166667461395300,3.0833332538604700,2.4545454978942900,3.5454545021057100,2.9166667461395300,4.3333334922790500,,0.5833333135,0.6666666865,0.25,0.25,0.1666666716,0.25,0.1666666716,0.0833333358,0.1666666716,0.3333333433,0.0833333358
Missouri,MO,216,USA_08112016_P1,2016,2016,14,59,0.2372881,,66.32653,63.78181,68.87125,63.53681,58.24777,68.82585,26,High (60-69),7.8571429,6.946688,8.767598,6.1428571,4.717151,7.568563,,3.7142856121063200,2.2857143878936800,3.7142856121063200,2.2857143878936800,2.6428570747375500,3.3571429252624500,41.07143,41.07143,,3.7142856121063200,3.7142856121063200,4,4.2857141494751000,73.21429,73.21429,,3.692307710647580,2.307692289352420,4,2,2.307692289352420,30.1282,30.29762,,3.5833332538604700,2.4166667461395300,2.846153736114500,3.153846263885500,2.75,3.25,47.91667,49.70238,,1.75,4.25,4.153846263885500,3.8571429252624500,1.9285714626312300,4.0714287757873500,1.4615384340286300,4.5384616851806600,80.83334,78.16071,,3.384615421295170,2.923076868057250,3.076923131942750,3.461538553237920,3.153846263885500,2.7272727489471400,47.5,53,,2.5999999046325700,3.5454545021057100,3.2857143878936800,2.8571429252624500,3.1428570747375500,2.4545454978942900,3.5454545021057100,50,56.96429,,1.8461538553237900,4.153846263885500,2.25,3.75,3.8571429252624500,4.3571429252624500,3.9166667461395300,4.0833334922790500,4.4000000953674300,2.0999999046325700,75,70.39063,,4.1666665077209500,4,4.4166665077209500,1.6666666269302400,4.3333334922790500,1.9090908765792800,4.0909090042114300,84.16666,78.60714,,1.5454545021057100,4.4545454978942900,3.9285714626312300,2.0714285373687700,1.7857142686843900,4.2142858505249000,4.3333334922790500,68.75,66.89732,,3.7142856121063200,4.0714287757873500,3.8571429252624500,4.0714287757873500,73.21429,73.21429,,8.0769234,1.7142857313156100,,7.4285712,6.0714288,5.5384617,6.5714288,7.4285712,,2.7142856121063200,0.1428571492,1,0.0714285746,0,0.0714285746,6,3.428571,0.2857143,5,0.14285715,3.71428561,0,0,0,0,0,0.7857142687,0,0,1,2.7857143878937,4.6428571,9.1428576,,6,7.6428571,8.4285717,,1.6428571939468400,4.3571429252624500,4.3076925277710000,4,3.9166667461395300,2.0833332538604700,1.615384578704830,4.384615421295170,3.2142856121063200,2.7857143878936800,2,4,3.307692289352420,4.4285712242126500,,0.571428597,0.7857142687,0,0.3571428657,0.2857142985,0.2142857164,0.2857142985,0,0.2142857164,0.4285714328,0
Mississippi,MS,111,USA_08112016_P1,2016,2016,9,21,0.4285714,,53.57143,,,55.88152,51.02428,60.73875,47,Moderate (50-59),7.2222223,6.18544,8.259005,7.4444447,6.601336,8.287554,,3.4444444179534900,2.5555555820465100,3.6666667461395300,2.3333332538604700,3.8888888359069800,2.1111111640930200,33.33333,33.33333,,4,3,4.25,4.2222223281860400,71.42857,72.22222,,4,2,4.6666665077209500,1.3333333730697600,1.6666666269302400,17.70833,16.71296,,4,2,3.3333332538604700,2.6666667461395300,2,4,47.22222,45.87963,,2.375,3.625,4.1111111640930200,3.8888888359069800,2.3333332538604700,3.6666667461395300,1.75,4.25,70,72.22222,,2.7142856121063200,3.1666667461395300,2.8333332538604700,3.125,3,1.7999999523162800,40,42.58333,,2.5,3,2.1111111640930200,3.4444444179534900,2.5555555820465100,3,3,26.66667,42.63889,,1.7142857313156100,4.2857141494751000,2,4,3.6666667461395300,3.2857143878936800,3.5,3.1666667461395300,4.125,1.125,51.04167,60.50347,,4.1428570747375500,4.1111111640930200,4.5714287757873500,3,3,2.75,3.25,67.5,73.75,,1.2857142686843900,4.7142858505249000,3.3333332538604700,2.6666667461395300,1.6666666269302400,4.3333334922790500,3.6666667461395300,78.125,69.75694,,3.7142856121063200,2.8888888359069800,3.3333332538604700,3.8571429252624500,62.5,60.625,,7.875,2.625,,5.2222223,3.6666667,2.875,4.6666665,5.6666665,,3,0.2222222239,1,0.1111111119,0,0,6,2.555556,0.22222222,5,0.11111111,3.22222233,0,0,0,0,0,1,0,0,1,3.111111164093,3.8888888,8.8888893,,7.3333335,6.8888888,8.2222223,,1.125,4.875,4.6666665077209500,3.875,3.625,2.375,1.1428571939468400,4.8571429252624500,4.3333334922790500,1.6666666269302400,2.8333332538604700,3.1666667461395300,2.5555555820465100,4.2222223281860400,,0.4444444478,0.6666666865,0.2222222239,0.4444444478,0,0.1111111119,0.1111111119,0,0.1111111119,0.3333333433,0.2222222239
Montana,MT,112,USA_08112016_P1,2016,2016,7,21,0.3333333,,,,,67.34329,57.98573,76.70085,16,High (60-69),8.1428576,6.125511,10.1602,6.1428571,4.489911,7.795804,,3.4000000953674300,2.5999999046325700,3.8333332538604700,2.1666667461395300,2.4285714626312300,3.5714285373687700,45,44.76191,,4.1428570747375500,4,4,4.4285712242126500,78.57143,78.57143,,2.8333332538604700,3.1666667461395300,3.3333332538604700,2.6666667461395300,3,48.61111,44.10714,,3.3333332538604700,2.6666667461395300,2.5,3.5,2.1666667461395300,3.8333332538604700,58.33333,57.55952,,1.7142857313156100,4.2857141494751000,3.5714285373687700,3.5714285373687700,2.2857143878936800,3.7142856121063200,1.5714285373687700,4.4285712242126500,72.85714,72.85714,,3.4285714626312300,2.2857143878936800,3.7142856121063200,3.8333332538604700,3.2857143878936800,2.1666667461395300,53.33333,57.03571,,3,4.3333334922790500,3.5714285373687700,3.8571429252624500,2.1428570747375500,2.4000000953674300,3.5999999046325700,61.25,57.07143,,1.6666666269302400,4.3333334922790500,1.5,4.5,4,3.8571429252624500,5,4.25,4.5,1.6666666269302400,75,74.28571,,4.5999999046325700,4.2857141494751000,4.5999999046325700,1,5,1.25,4.75,100,85.03571,,1.6000000238418600,4.4000000953674300,3.7142856121063200,2.2857143878936800,1.3333333730697600,4.6666665077209500,4.5,73.4375,70.75893,,4,4.4285712242126500,4,4,77.08334,77.23214,,8.8571424,3.4285714626312300,,7.4285712,6.8571429,5.8333335,6.4285712,7.1428571,,2.8571429252624500,0.2857142985,1,0.1428571492,0,0.1428571492,6,3.428571,0.2857143,5,0.14285715,3.42857146,0,0,0,0,0,0.8571428657,0,0.1428571492,1,3.1428570747375,4.4285712,9,,8.4285717,6.4285712,7.8571429,,2.5714285373687700,3.4285714626312300,4.5,4.5,3.3333332538604700,2.6666667461395300,1,5,2.8571429252624500,3.1428570747375500,1.8333333730697600,4.1666665077209500,2.8571429252624500,4.5714287757873500,,0.571428597,0.571428597,0.4285714328,0.2857142985,0,0,0.2857142985,0.4285714328,0.2857142985,0.2857142985,0.1428571492
North Carolina,NC,220,USA_08112016_P1,2016,2016,29,109,0.266055,,53.77551,48.061,59.49003,58.20285,54.62315,61.78255,39,Moderate (50-59),7.25,6.647349,7.852651,7.4137931,6.877872,7.949714,,3.8214285373687700,2.1785714626312300,4,2,3.7931034564971900,2.2068965435028100,28.57143,28.27586,,3.6551723480224600,3.75,4.0370368957519500,4.1724138259887700,73.61111,72.5862,,4.7931032180786100,1.2068965435028100,4.75,1.25,1.3214285373687700,5.952381,6.83908,,3.75,2.25,3.1739130020141600,2.8260869979858400,2.4090909957885700,3.5909090042114300,47.22222,47.62931,,2.230769157409670,3.769230842590330,3.8214285373687700,3.6428570747375500,1.9615384340286300,4.0384616851806600,1.5555555820465100,4.4444446563720700,73.8,73.5,,3.3703703880310100,2.1666667461395300,3.8333332538604700,3.8214285373687700,3.4482758045196500,2.4782607555389400,60,59.05172,,3.5238094329834000,3.0714285373687700,2.625,3.2758619785308800,2.7241380214691200,2.3043477535247800,3.6956522464752200,55,52.18103,,2.2142856121063200,3.7857143878936800,2.2173912525177000,3.7826087474823000,3.5517241954803500,4.1724138259887700,4.2857141494751000,4.4090909957885700,4.4615383148193400,1.3461538553237900,66.66666,67.93642,,4.384615421295170,3.0344827175140400,4.3333334922790500,2.2222223281860400,3.7777776718139600,1.8235293626785300,4.1764707565307600,68.33334,73.13793,,4.4137930870056200,1.5862069129943800,3.75,2.25,1.6785714626312300,4.3214287757873500,3.9130434989929200,50.85227,49.83836,,3.6428570747375500,4,3.75,3.8571429252624500,71.15385,70.29095,,8.4285717,1.9285714626312300,,6.8620691,5.448276,3.6800001,6.2857141,7.034483,,2.8214285373687700,0.1034482792,1,0.0344827585,0,0.0344827585,6,4,0.27586207,5,0.03448276,3.68965507,0.0344827585,0,0,0,0,0.8620689511,0,0,0.96551722,3.3448276519775,3.1034484,8.3103447,,6.551724,6.965517,8.2413797,,1.6785714626312300,4.3214287757873500,4.3600001335144000,4.4583334922790500,4.230769157409670,1.7692307233810400,1.3461538553237900,4.653846263885500,3.5,2.5,2.4800000190734900,3.5199999809265100,3.3214285373687700,3.6206896305084200,,0.586206913,0.5517241359,0.2413793057,0.5172413588,0.1034482792,0.2413793057,0.0344827585,0.1034482792,0.2758620679,0.2758620679,0
North Dakota,ND,116,USA_08112016_P1,2016,2016,2,20,0.1,,,,,62.6148,41.4736,83.756,30,High (60-69),7.5,6.662047,8.337953,8.5,7.662047,9.337953,,3,3,4.5,1.5,3,3,37.5,37.5,,4.5,1.5,3.5,4.5,62.5,62.5,,3,3,4,2,3,41.66666,41.66666,,,,,,,,,59.375,,3,3,3.5,3.5,1.5,4.5,1,5,95,70.875,,3,2.5,3.5,3.5,3.5,,,54.125,,5,3.5,1.5,3.5,2.5,2.5,3.5,65,49.5,,1.5,4.5,2,4,4,4.5,3.5,4.5,4.5,1.5,62.5,72.42188,,5,4.5,4.5,,,,,,84.125,,1.5,4.5,3,3,1.5,4.5,4,75,75,,3.5,3,2,3,43.75,57.5,,8,2.5,,7.5,8.5,5.5,8,7.5,,3,0,1,0,0,0,6,2.5,0,5,0,3,0,0,0,0,0,1,0,0,1,2,4,9,,6.5,9.5,8.5,,1.5,4.5,4,4.5,3,3,1.5,4.5,4,2,2.5,3.5,3,4,,0,0.5,0,0,0,0,0,0.5,0,0.5,0
Nebraska,NE,217,USA_08112016_P1,2016,2016,5,27,0.1851852,,,,,65.54591,58.2008,72.89102,22,High (60-69),7.8000002,6.568467,9.031534,5.1999998,2.926692,7.473308,,3.4000000953674300,2.5999999046325700,3.7999999523162800,2.2000000476837200,2.4000000953674300,3.5999999046325700,45,45,,4.4000000953674300,3.7999999523162800,4.4000000953674300,4.5999999046325700,82.5,82.5,,3.4000000953674300,2.5999999046325700,3.5,2.5,2.4000000953674300,39.58333,36.16667,,,,,,2,4,,52.5,,2.25,3.75,4.5999999046325700,4.4000000953674300,1.6000000238418600,4.4000000953674300,1.6000000238418600,4.4000000953674300,81.25,83.55,,3.4000000953674300,2,4,4,3.25,2,40,58,,3.3333332538604700,3.5,4,3,3,3,3,75,58.35,,1.5,4.5,1.7999999523162800,4.1999998092651400,3.2000000476837200,4,4.1999998092651400,3,4.3333334922790500,1.25,59.375,65.59375,,4.4000000953674300,4.4000000953674300,4.5999999046325700,1,5,1.5,4.5,100,84.45,,1.3999999761581400,4.5999999046325700,4.1999998092651400,1.7999999523162800,1.2000000476837200,4.8000001907348600,5,81.25,70.9375,,3.5999999046325700,3,3.6666667461395300,3.5999999046325700,64.58334,62.625,,7.5999999,1,,5.8000002,6,6.75,7.1999998,7.4000001,,2.7999999523162800,0.400000006,1,0,0,0.200000003,6,2.8,0,5,0,3.20000005,0,0,0,0,0,1,0,0,1,2.7999999523163,3,8.6000004,,7.4000001,6,7.1999998,,2.2000000476837200,3.7999999523162800,4.1999998092651400,4.4000000953674300,3,3,1.7999999523162800,4.1999998092651400,3.5999999046325700,2.4000000953674300,3,3,3.7999999523162800,4,,0.8000000119,0.8000000119,0.200000003,0.400000006,0.200000003,0,0.200000003,0,0.200000003,0.200000003,0
New Hampshire,NH,218,USA_08112016_P1,2016,2016,5,30,0.1666667,,74.4898,,,73.44898,67.47523,79.42273,3,Very High (70 or more),9.3999996,8.729637,10.07036,7.5999999,6.745453,8.454547,,3.2000000476837200,2.7999999523162800,2.7999999523162800,3.2000000476837200,2.4000000953674300,3.5999999046325700,55,55,,4.8000001907348600,4.5999999046325700,5,5,96.25,96.25,,3,3,2.5,3.5,2.5,50,47.5,,2.3333332538604700,3.6666667461395300,2,4,2.75,3.25,69.44444,63.58333,,2.2000000476837200,3.7999999523162800,4.5999999046325700,4.1999998092651400,1.6000000238418600,4.4000000953674300,1.3999999761581400,4.5999999046325700,83,83,,3.7999999523162800,2.2000000476837200,3.7999999523162800,3.7999999523162800,3.4000000953674300,3,63.33333,63.85,,2.3333332538604700,3.4000000953674300,2.5999999046325700,2.4000000953674300,3.5999999046325700,2.2000000476837200,3.7999999523162800,46.66667,54.3,,1.6000000238418600,4.4000000953674300,2.5999999046325700,3.4000000953674300,4.4000000953674300,4.4000000953674300,4.5,4.4000000953674300,4.5999999046325700,1.5,72.65625,73.53125,,4.8000001907348600,4.4000000953674300,4.8000001907348600,1.3333333730697600,4.6666665077209500,1.3999999761581400,4.5999999046325700,95,89.95,,1.5,4.5,3.5999999046325700,2.4000000953674300,1.2000000476837200,4.8000001907348600,4.75,78.125,75.875,,4.8000001907348600,4.5999999046325700,4.75,4.8000001907348600,93.75,92.125,,9.75,2.5999999046325700,,7.4000001,8.1999998,6.5999999,7.4000001,9.3999996,,3,0,1,0,0,0,6,4.4,0.40000001,5,0,4,0,0,0,0,0,1,0,0,1,2.7999999523163,4.5999999,8.3999996,,5.4000001,4.1999998,6.1999998,,1,5,4.8000001907348600,4.5999999046325700,2.6666667461395300,3.3333332538604700,2,4,1.6000000238418600,4.4000000953674300,1.5,4.5,3.2000000476837200,5,,0.400000006,0.6000000238,0.400000006,0.400000006,0,0,0.200000003,0,0,0.200000003,0
New Jersey,NJ,114,USA_08112016_P1,2016,2016,10,105,0.0952381,,42.34694,,,63.19388,57.80016,68.58759,27,High (60-69),8.1999998,7.206949,9.193051,6.6999998,5.832765,7.567235,,2.7000000476837200,3.2999999523162800,2.9000000953674300,3.0999999046325700,2.2999999523162800,3.7000000476837200,59.16667,59.16667,,4.5,4.2222223281860400,4.5,4.5,87.5,84.875,,3.2222223281860400,2.7777776718139600,4.2222223281860400,1.7777777910232500,1.8571428060531600,25,30.16667,,2.7999999523162800,3.2000000476837200,2.1666667461395300,3.8333332538604700,1.6666666269302400,4.3333334922790500,68.33333,66.95834,,1.6666666269302400,4.3333334922790500,3.5999999046325700,3.9000000953674300,2.7999999523162800,3.2000000476837200,1.75,4.25,73.125,71.2,,2.6666667461395300,2,4,3.5,3.1111111640930200,1.6666666269302400,47.5,51.425,,3.6666667461395300,3.2000000476837200,2.125,3.7999999523162800,2.2000000476837200,3,3,41,45.8,,1.875,4.125,2.1666667461395300,3.8333332538604700,4.0999999046325700,3.5,4.1111111640930200,4.2857141494751000,3.7777776718139600,1.2857142686843900,65.625,66.39063,,4.4285712242126500,4.4000000953674300,4.3333334922790500,2,4,1.75,4.25,67.5,80.475,,1.875,4.125,4.3333334922790500,1.6666666269302400,2,4,4.3333334922790500,64.0625,62.28125,,3.4285714626312300,3.8888888359069800,2.8333332538604700,3.75,56.25,65.84375,,7.8888888,1.2999999523162800,,7.9000001,5.8000002,5.5714288,5.5999999,6.5999999,,2.5999999046325700,0,1,0,0,0.1000000015,6,4.7,0.30000001,5,0.40000001,4.0999999,0,0,0.1000000015,0,0,0.8999999762,0,0.1000000015,1,2.9000000953674,2.7,8.5,,7.9000001,7,8.3999996,,1.25,4.75,4.5,4.3333334922790500,4.1428570747375500,1.8571428060531600,1.5714285373687700,4.4285712242126500,3.0999999046325700,2.9000000953674300,2.1666667461395300,3.8333332538604700,3,3.7999999523162800,,0.6000000238,0.6999999881,0.200000003,0.400000006,0.200000003,0.3000000119,0.200000003,0.1000000015,0.5,0.400000006,0.1000000015
New Mexico,NM,219,USA_08112016_P1,2016,2016,3,18,0.1666667,,,,,72.58504,59.1865,85.98358,5,Very High (70 or more),9.333333,8.774698,9.891968,7.6666665,5.652479,9.680854,,4.3333334922790500,1.6666666269302400,2,4,2,4,55.55555,55.55555,,4.6666665077209500,4.6666665077209500,4.3333334922790500,4.6666665077209500,89.58334,89.58334,,2,4,3,3,3.6666667461395300,63.88889,63.88889,,5,1,2,4,2.5,3.5,33.33333,53.33333,,1.3333333730697600,4.6666665077209500,4.3333334922790500,4.3333334922790500,1.3333333730697600,4.6666665077209500,1,5,95,88.66666,,2.6666667461395300,2,4,3.3333332538604700,3,1,45,50,,4.5,4,4.3333334922790500,3,3,1,5,80,73.58334,,1.3333333730697600,4.6666665077209500,2.5,3.5,3,4.3333334922790500,4.3333334922790500,4.6666665077209500,4.6666665077209500,1.3333333730697600,71.875,70.67709,,5,4.6666665077209500,4.6666665077209500,1,5,2,4,100,87.58334,,1.3333333730697600,4.6666665077209500,4.3333334922790500,1.6666666269302400,2.3333332538604700,3.6666667461395300,4.5,62.5,64.27084,,4,4.6666665077209500,4.6666665077209500,5,89.58334,89.58334,,8.666667,2.3333332538604700,,7.3333335,5,5,3.6666667,9,,2.3333332538604700,0,1,0,0,0.3333333433,5.6666665077209500,4.666667,0.66666669,5,0,4,0,0,0,0.3333333433,0,1,0,0,1,2,4.6666665,8.666667,,6.3333335,6.3333335,7.3333335,,1.3333333730697600,4.6666665077209500,4.6666665077209500,5,2.5,3.5,2.5,3.5,4.6666665077209500,1.3333333730697600,1.5,4.5,4.3333334922790500,5,,0.6666666865,1,0.3333333433,0,0,0,0,0,0,0.6666666865,0
Nevada,NV,113,USA_08112016_P1,2016,2016,5,19,0.2631579,,53.57143,,,61.5051,54.80049,68.20972,34,High (60-69),8.3999996,7.263346,9.536654,6.4000001,5.145868,7.654132,,3,3,3,3,2.5999999046325700,3.4000000953674300,53.33333,53.33333,,3.5999999046325700,3.2000000476837200,3.7999999523162800,4.1999998092651400,67.5,67.5,,2.7999999523162800,3.2000000476837200,3.5999999046325700,2.4000000953674300,2.7999999523162800,45,45,,3,3,4,2,1.3333333730697600,4.6666665077209500,58.33333,57.33333,,2,4,4,3.5999999046325700,3.7999999523162800,2.2000000476837200,1,5,70,68.25,,2.4000000953674300,2.25,3.75,2.7999999523162800,2.4000000953674300,1,27.5,39.85,,1.5,2.2000000476837200,2,3,3,2,4,20,42.4,,2,4,1.2000000476837200,4.8000001907348600,4.8000001907348600,3.4000000953674300,4,4.4000000953674300,4,1.75,72.91666,72.21875,,4.5999999046325700,4.4000000953674300,4.4000000953674300,4.5,1.5,2.3333332538604700,3.6666667461395300,60,76.45,,2.5999999046325700,3.4000000953674300,4,2,1.6000000238418600,4.4000000953674300,4.6666665077209500,58.33333,63.5625,,4.4000000953674300,4,4,4,77.5,77.5,,9.8000002,1.7999999523162800,,4.8000002,5.5999999,5,4,7.8000002,,2.7999999523162800,0,1,0,0,0,6,3.6,0,5,0,4,0,0,0,0,0,1,0,0,1,2,4.5999999,7.5999999,,8.3999996,5.5999999,7,,1.2000000476837200,4.8000001907348600,4.8000001907348600,4.8000001907348600,3.7999999523162800,2.2000000476837200,1,5,3.5999999046325700,2.4000000953674300,2.5,3.5,2.4000000953674300,3.7999999523162800,,0.6000000238,0.8000000119,0.6000000238,0.400000006,0.400000006,0,0,0,0.200000003,0.6000000238,0.200000003
New York,NY,115,USA_08112016_P1,2016,2016,58,368,0.1576087,,75.51021,72.56528,78.45513,61.08902,58.65549,63.52255,35,High (60-69),7.9649124,7.651035,8.27879,5.5789475,5.051355,6.10654,,3.1785714626312300,2.8214285373687700,3.4464285373687700,2.5535714626312300,2.7636363506317100,3.2363636493682900,47.68518,46.85345,,3.8596491813659700,3.8909091949462900,4.1851849555969200,4.3090910911560100,78.125,76.46013,,3.5681817531585700,2.4318182468414300,3.8958332538604700,2.1041667461395300,2.2608695030212400,30.55556,33.29741,,3.25,2.75,2.5625,3.4375,2,4,61.53846,59.59052,,2.2222223281860400,3.7777776718139600,3.7017543315887500,3.6785714626312300,2.5208332538604700,3.4791667461395300,2.0714285373687700,3.9285714626312300,67.64706,67.69396,,3.0344827175140400,2.634615421295170,3.365384578704830,3.5614035129547100,3.1034483909606900,2.3720929622650100,49.87805,52.35776,,3.1794872283935500,2.9183673858642600,2.40816330909729,3.2280702590942400,2.7719297409057600,2.4411764144897500,3.5588235855102500,46.53846,49.04741,,2.170731782913210,3.829268217086790,1.9750000238418600,4.0250000953674300,3.7192983627319300,3.9137930870056200,3.6938774585723900,3.846153736114500,4.1632652282714800,1.5405405759811400,63.98026,64.84914,,4.1960783004760700,4.2678570747375500,4.1836733818054200,2.3571429252624500,3.6428570747375500,2.125,3.875,76.25,75.77155,,1.8666666746139500,4.1333332061767600,4.175438404083250,1.8245613574981700,2.0181818008422900,3.9818181991577100,3.8333332538604700,61.11111,60.59806,,4,3.7592592239379900,3.6875,3.8518519401550300,72.32143,70.68965,,7.6491227,1.3965517282486000,,7.2807016,6.4827585,5.1764708,5.6551723,6.8620691,,2.7543859481811500,0.1206896529,0.9827586412,0.0517241396,0.0172413792,0.0862068981,5.8448276519775400,3.896552,0.44827586,5,0.21052632,3.82758617,0,0,0,0,0,0.8275862336,0,0,0.93103451,2.7586207389832,3.1379311,7.7931032,,7.2758622,6.1724138,6.7758622,,1.8035714626312300,4.1964287757873500,4.2600002288818400,4.2391304969787600,3.538461446762090,2.461538553237920,1.5625,4.4375,3.4727272987365700,2.5272727012634300,2.2444443702697800,3.7555556297302200,3.1090908050537100,4.3090910911560100,,0.3620689511,0.5,0.1034482792,0.4482758641,0.2758620679,0.1896551698,0.2586206794,0.068965517,0.2586206794,0.2758620679,0.0517241396
Ohio,OH,221,USA_08112016_P1,2016,2016,28,107,0.2616822,,57.14286,,,57.38885,54.8842,59.89349,42,Moderate (50-59),7.0714288,6.474668,7.66819,5.9285712,5.167629,6.689514,,3.923076868057250,2.076923131942750,4.3214287757873500,1.6785714626312300,3.692307710647580,2.307692289352420,25.66667,25.68452,,3.6428570747375500,3.8518519401550300,3.9259259700775100,4.3076925277710000,73,73.40401,,4.6071429252624500,1.3928571939468400,4.5357141494751000,1.4642857313156100,1.2857142686843900,9.523809,9.523809,,3.8666665554046600,2.1333334445953400,3.1875,2.8125,1.5714285373687700,4.4285712242126500,54.16666,52.52976,,1.952380895614620,4.0476188659668000,3.7200000286102300,3.7999999523162800,2.2000000476837200,3.7999999523162800,1.6818181276321400,4.3181819915771500,76.38889,72.36607,,2.7777776718139600,2.440000057220460,3.559999942779540,3.1600000858306900,2.9629628658294700,2.25,49.44444,48.16071,,2.3684210777282700,2.625,2.4444444179534900,3.4642856121063200,2.5357143878936800,2.4000000953674300,3.5999999046325700,43.18182,43.66964,,2.25,3.75,1.8333333730697600,4.1666665077209500,3.6428570747375500,4.1071429252624500,4.5555553436279300,4.2777776718139600,4.384615421295170,1.1499999761581400,67.96875,68.9788,,4.1363635063171400,4.3928570747375500,4.095238208770750,2.7999999523162800,3.2000000476837200,2,4,83.33334,77.28571,,1.7826087474823000,4.2173914909362800,4.115384578704830,1.884615421295170,1.9583333730697600,4.0416665077209500,3.615384578704830,61.25,61.07143,,2.884615421295170,3.923076868057250,3.7272727489471400,3.5,63.63636,62.92411,,8.1071424,1.4642857313156100,,6.9259257,5.8518519,4.9583335,5.8888888,6.5925927,,2.6785714626312300,0.1428571492,0.9642857313,0.1428571492,0.0357142873,0.1428571492,6,3.392857,0.35714287,4.9642858505,0.25,3.60714293,0,0,0.0357142873,0,0,0.928571403,0,0,0.96428573,2.5357143878937,3.2857144,8.3214283,,7.25,7,8.5,,1.8148148059845000,4.1851849555969200,4.0416665077209500,4.2399997711181600,4.1500000953674300,1.8500000238418600,1.5652173757553100,4.4347825050354000,3.576923131942750,2.423076868057250,2.625,3.375,2.5714285373687700,4.5,,0.4642857015,0.5357142687,0.1785714328,0.6071428657,0.2142857164,0.1785714328,0.1428571492,0.0714285746,0.1428571492,0.5,0.0714285746
Oklahoma,OK,117,USA_08112016_P1,2016,2016,7,23,0.3043478,,,,,55.37537,50.5686,60.18213,48,Moderate (50-59),7.2857141,6.580895,7.990533,6,4.364484,7.635516,,3.8571429252624500,2.1428570747375500,3.5714285373687700,2.4285714626312300,3.8571429252624500,2.1428570747375500,30.95238,30.95238,,3.8571429252624500,3.5714285373687700,4.2857141494751000,4.1428570747375500,74.10714,74.10714,,4.1428570747375500,1.8571428060531600,4.2857141494751000,1.7142857313156100,2.1428570747375500,22.61905,22.61905,,3.25,2.75,3.75,2.25,2.75,3.25,43.75,45.47619,,3.3333332538604700,2.6666667461395300,3.2857143878936800,3.1428570747375500,2.7142856121063200,3.2857143878936800,2.5,3.5,58,55.25,,3.1428570747375500,2.8333332538604700,3.1666667461395300,3.7142856121063200,3,2.3333332538604700,47,51.60714,,3.2000000476837200,3.2000000476837200,2.1428570747375500,3.1666667461395300,2.8333332538604700,2.75,3.25,67.5,47.42857,,2.5,3.5,2.75,3.25,3,3.8571429252624500,4.1428570747375500,3.25,3.6666667461395300,1.5714285373687700,50,58.37054,,4.1666665077209500,4.2857141494751000,4.3333334922790500,3,3,2.6666667461395300,3.3333332538604700,71.66666,73.28571,,1.7142857313156100,4.2857141494751000,3.8571429252624500,2.1428570747375500,1.7142857313156100,4.2857141494751000,3.5,57.8125,64.82143,,3.7142856121063200,3.5714285373687700,3.1666667461395300,3.7142856121063200,63.54167,63.92857,,8.2857141,2.2857143878936800,,7.2857141,5.2857141,3.5,6.7142859,6.5714288,,3,0.2857142985,1,0,0,0.1428571492,5.2857141494751000,2.714286,0.71428573,4.8571429253,0,3.42857146,0,0,0,0,0,1,0,0,1,2,4,7.4285712,,6.7142859,7,8.4285717,,2.1428570747375500,3.8571429252624500,3.7142856121063200,4,4.4000000953674300,1.6000000238418600,2.1666667461395300,3.8333332538604700,3.5714285373687700,2.4285714626312300,3.6666667461395300,2.3333332538604700,3.6666667461395300,4.1428570747375500,,0.2857142985,0.8571428657,0.1428571492,0.2857142985,0,0.1428571492,0.2857142985,0.1428571492,0.4285714328,0.1428571492,0.2857142985
Oregon,OR,222,USA_08112016_P1,2016,2016,6,26,0.2307692,,75.2551,75.00826,75.50193,69.21769,63.78308,74.6523,12,High (60-69),9.5,8.927569,10.07243,5.1666665,3.838806,6.494527,,3,3,3.8333332538604700,2.1666667461395300,1.6666666269302400,4.3333334922790500,54.16666,54.16666,,4.8333334922790500,5,5,4.8333334922790500,100,96.35416,,3,3,3.5999999046325700,2.4000000953674300,2.2000000476837200,38.33333,34.65278,,2.25,3.75,2,4,1,5,81.25,70.69444,,2,4,4.1666665077209500,4.1666665077209500,2.5999999046325700,3.4000000953674300,1.1666666269302400,4.8333334922790500,79,77.58334,,2.3333332538604700,2.2000000476837200,3.7999999523162800,3.4000000953674300,2.5,1.3999999761581400,45,42.29167,,2.8333332538604700,2.7999999523162800,3.6666667461395300,4.1666665077209500,1.8333333730697600,1.7999999523162800,4.1999998092651400,50,50.29167,,1.3999999761581400,4.5999999046325700,1,5,4.8333334922790500,4.1666665077209500,5,4.6666665077209500,4.8333334922790500,1.7999999523162800,84.375,82.60416,,4.6666665077209500,4.8333334922790500,4.8000001907348600,2.3333332538604700,3.6666667461395300,1,5,90,87.66666,,1.5,4.5,2.8333332538604700,3.1666667461395300,4.1666665077209500,1.8333333730697600,3.3333332538604700,55.20833,55.20833,,4.8000001907348600,4.6666665077209500,4.8000001907348600,4.8000001907348600,93.75,89.21875,,8,1.6666666269302400,,8.5,8,8.1999998,6.3333335,9,,2.5,0.1666666716,1,0.1666666716,0,0,5.8333334922790500,2.833333,0.33333334,5,0.16666667,3.33333325,0.1666666716,0,0,0,0,0.6666666865,0,0,0.83333331,3.6666667461395,2.1666667,9.666667,,9,6.6666665,8,,1,5,4.3333334922790500,4.1666665077209500,4.1666665077209500,1.8333333730697600,1,5,4,2,2.5999999046325700,3.4000000953674300,2.1666667461395300,4.6666665077209500,,0.3333333433,1,0.1666666716,0,0,0.1666666716,0,0.1666666716,0.1666666716,0.3333333433,0
Pennsylvania,PA,118,USA_08112016_P1,2016,2016,39,164,0.2378049,,53.57143,51.41959,55.72327,56.45615,53.93929,58.97301,45,Moderate (50-59),7.2564101,6.699867,7.812953,6.7105265,6.145857,7.275196,,3.7948718070983900,2.2051281929016100,3.692307710647580,2.307692289352420,3.0263156890869100,2.9736843109130900,37.93859,37.33974,,3.769230842590330,3.7948718070983900,3.9473683834075900,4.1282052993774400,72.69736,72.80449,,4.6969695091247600,1.303030252456670,4.625,1.375,1.303030252456670,7.8125,11.08974,,3.7599999904632600,2.2400000095367400,3.076923131942750,2.923076868057250,2.2916667461395300,3.7083332538604700,49.58333,50.82207,,2.0322580337524400,3.9677419662475600,3.736842155456540,3.6315789222717300,2.0555555820465100,3.9444444179534900,1.7419354915618900,4.2580647468566900,74.10714,72.32051,,2.6842105388641400,2.5675675868988000,3.4324324131012000,2.9459459781646700,2.7105262279510500,2.21875,45.17241,45.71711,,3.153846263885500,2.8888888359069800,2.53125,3.263157844543460,2.736842155456540,2.6785714626312300,3.3214285373687700,45.75,48.09459,,2.40625,3.59375,2.1071429252624500,3.8928570747375500,3.7948718070983900,4.1025643348693800,3.6111111640930200,3.4583332538604700,3.9696969985961900,1.5,58.95833,63.01098,,3.8888888359069800,4.0512819290161100,3.96875,2.307692289352420,3.692307710647580,2.1724138259887700,3.8275861740112300,72.08334,73.46622,,3.0909090042114300,2.9090909957885700,4.1842103004455600,1.8157894611358600,1.7837837934494000,4.2162160873413100,3.653846263885500,50.56818,54.6875,,3.5882353782653800,3.5945944786071800,3.5333333015441900,3.7777776718139600,65.0463,65.65878,,7.7894735,1.2051281929016100,,6.7435899,6.2820511,5.1999998,5.7948718,6.7948718,,2.7435896396637000,0.2051282078,0.9743589759,0.051282052,0.025641026,0.025641026,6,3.820513,0.33333334,5,0.10526316,3.69230771,0.025641026,0.051282052,0.051282052,0,0,0.8717948794,0,0.025641026,1,2.6410255432129,2.8378379,8.4871798,,7.0512819,6.9487181,7.8461537,,1.4736841917038000,4.5263156890869100,3.9117646217346200,4.0588235855102500,4.1724138259887700,1.8275861740112300,1.40625,4.59375,3.8205127716064500,2.1794872283935500,2.5483870506286600,3.4516129493713400,2.8157894611358600,4.263157844543460,,0.5128205419,0.5897436142,0.1282051355,0.3846153915,0.1794871837,0.2051282078,0.0769230798,0.0769230798,0.2051282078,0.2307692319,0
Rhode Island,RI,223,USA_08112016_P1,2016,2016,5,23,0.2173913,,,,,56.68367,48.1808,65.18655,44,Moderate (50-59),7.5999999,6.745453,8.454547,6,5.082069,6.917931,,3.5999999046325700,2.4000000953674300,3.7999999523162800,2.2000000476837200,3.5999999046325700,2.4000000953674300,33.33333,33.33333,,3.25,4,4,4.4000000953674300,68.75,72.875,,3.4000000953674300,2.5999999046325700,3.4000000953674300,2.5999999046325700,2.7999999523162800,41.66667,41.66667,,3,3,3,3,2.6666667461395300,3.3333332538604700,52.77778,55.91666,,2.75,3.25,3.5999999046325700,3,3.75,2.25,1.6666666269302400,4.3333334922790500,61.66667,58.95,,2.7999999523162800,2.6666667461395300,3.3333332538604700,3,3.5999999046325700,1.75,40,47.8,,3,2.7999999523162800,2.25,4.1999998092651400,1.7999999523162800,2.3333332538604700,3.6666667461395300,43.33333,42.8,,1.5,4.5,2,4,2.7999999523162800,3.4000000953674300,3.75,4,4.5,1.3999999761581400,65.625,62.4375,,3.75,4.1999998092651400,4.3333334922790500,,,2,4,,74.35,,2.75,3.25,4.75,1.25,1.7999999523162800,4.1999998092651400,3.5,45.83333,52.875,,3.7999999523162800,4,3.75,3,67.1875,65.6875,,7.4000001,1.2000000476837200,,6.5999999,6.1999998,5.5,4.4000001,6.8000002,,2.5999999046325700,0.200000003,1,0.200000003,0,0.200000003,6,4,0.40000001,5,0,3.5999999,0,0,0,0,0,1,0,0,1,2,2.5999999,8.1999998,,7.5999999,7.8000002,10,,2,4,4.1999998092651400,4,5,1,1.75,4.25,3,3,2,4,4,4.8000001907348600,,0.6000000238,0.6000000238,0,0.400000006,0,0.400000006,0,0.200000003,0.400000006,0.400000006,0
South Carolina,SC,224,USA_08112016_P1,2016,2016,12,48,0.25,,59.35374,49.32938,69.37811,56.0778,49.98415,62.17146,46,Moderate (50-59),7.6666665,6.759617,8.573715,6.75,5.715976,7.784024,,3.0833332538604700,2.9166667461395300,3.3636362552642800,2.6363637447357200,3.0833332538604700,2.9166667461395300,43.18182,45.45139,,4.0833334922790500,3.8333332538604700,3.9166667461395300,4.25,75.52084,75.52084,,4.5833334922790500,1.4166666269302400,4.5,1.5,1.75,13.88889,13.88889,,3.1666667461395300,2.8333332538604700,2.3333332538604700,3.6666667461395300,2.3333332538604700,3.6666667461395300,59.72222,54.02778,,2.6666667461395300,3.3333332538604700,3.1666667461395300,3.1666667461395300,2.0833332538604700,3.9166667461395300,1.7777777910232500,4.2222223281860400,65.55556,64.16666,,2.6666667461395300,3,3,2.75,2.6666667461395300,2,38,40.4375,,2.375,2.4545454978942900,2.7272727489471400,3.6666667461395300,2.3333332538604700,2.7272727489471400,3.2727272510528600,38.125,42.39583,,2.1818182468414300,3.8181817531585700,2.7000000476837200,3.2999999523162800,4.0833334922790500,2.8333332538604700,3.9090909957885700,4.1999998092651400,4.3333334922790500,1,60.71429,61.13281,,3.7272727489471400,4.3333334922790500,4.0909090042114300,2.25,3.75,2.2857143878936800,3.7142856121063200,70,73.3125,,1.8999999761581400,4.0999999046325700,3.25,2.75,1.8333333730697600,4.1666665077209500,3.5,68.75,65.88541,,3.5,3.5,3.5454545021057100,3.5,61.93182,62.86458,,8.3999996,1.8333333730697600,,6.9166665,5.5833335,4.5454545,5,5.8333335,,2.6666667461395300,0.0833333358,1,0,0,0,5.9166665077209500,3.5,0.16666667,5,0,3.58333325,0,0,0,0,0,0.9166666865,0,0.1666666716,1,3.8333332538605,3.75,8,,5.5,7.0833335,9,,1.9166666269302400,4.0833334922790500,3.9166667461395300,3.9166667461395300,3.1818182468414300,2.8181817531585700,2.1111111640930200,3.8888888359069800,3.5833332538604700,2.4166667461395300,2.3333332538604700,3.6666667461395300,3.25,4.5,,0.4166666567,0.5833333135,0.3333333433,0.25,0.1666666716,0.1666666716,0.0833333358,0.1666666716,0.3333333433,0.25,0
South Dakota,SD,225,USA_08112016_P1,2016,2016,3,19,0.1578947,,,,,61.94728,54.8138,69.08076,32,High (60-69),7.3333335,5.319146,9.347521,6.6666665,6.108032,7.225301,,2,4,3,3,3,3,58.33333,58.33333,,4,4,4.5,4.3333334922790500,81.25,77.5,,5,1,5,1,2,0,17.08333,,2,4,2,4,1.5,4.5,75,60.27778,,2,4,4,3.6666667461395300,3,3,2.3333332538604700,3.6666667461395300,65,66.83334,,3,3,3,3.5,3,1.6666666269302400,37.5,45.5,,2,1.5,2,3.3333332538604700,2.6666667461395300,3,3,25,40.91667,,1.6666666269302400,4.3333334922790500,1.6666666269302400,4.3333334922790500,3.6666667461395300,4,4.6666665077209500,4,4.6666665077209500,1.5,71.875,72.03125,,3,4.3333334922790500,4,2,4,2,4,75,72.25,,2,4,2.3333332538604700,3.6666667461395300,1.6666666269302400,4.3333334922790500,4,75,73.95834,,4,4.3333334922790500,4,4.6666665077209500,81.25,79.6875,,6.3333335,1.6666666269302400,,7.6666665,7,6,7,7.3333335,,3,0.6666666865,0.6666666865,0,0,0,5.3333334922790500,1.666667,0.66666669,5,0.33333334,2.33333325,0,0,0.3333333433,0,0,0.6666666865,0,0,1,3.6666667461395,3.3333333,8.666667,,5,4.3333335,6.6666665,,2.3333332538604700,3.6666667461395300,4,4,3,3,1.6666666269302400,4.3333334922790500,3.6666667461395300,2.3333332538604700,3,3,3.3333332538604700,3.6666667461395300,,0.6666666865,0.6666666865,0,0.3333333433,0,0,0.3333333433,0.3333333433,0.3333333433,0.3333333433,0
Tennessee,TN,119,USA_08112016_P1,2016,2016,4,43,0.0930233,,67.85714,,,54.75127,46.40566,63.09689,49,Moderate (50-59),6.25,4.522517,7.977483,5.5,3.391199,7.608801,,3.6666667461395300,2.3333332538604700,4.25,1.75,4.5,1.5,19.44444,21.14583,,3.75,3.75,3.75,4,70.3125,70.3125,,4.25,1.75,4.5,1.5,2,18.75,18.75,,3,3,3,3,1,5,66.66666,57.29167,,2.3333332538604700,3.6666667461395300,2.5,2.25,3,3,1,5,67.5,54.75,,2.5,3.6666667461395300,2.3333332538604700,3.3333332538604700,3,3,50,45.125,,3,2.6666667461395300,2.75,3.25,2.75,3,3,40,46.6875,,3.6666667461395300,2.3333332538604700,1.3333333730697600,4.6666665077209500,3.75,2.75,4,3.6666667461395300,4,1.25,57.8125,57.96875,,4.3333334922790500,4.3333334922790500,4.3333334922790500,1,5,1,5,100,79.4375,,2.25,3.75,4.25,1.75,1.75,4.25,4,62.5,60.54688,,3.5,4,3.6666667461395300,3.75,68.75,68.51563,,7.75,1.5,,7,4.5,2.25,5.25,6.5,,3,0,1,0,0,0,6,3,0.25,5,0,3.25,0.25,0,0,0,0,1,0,0,1,2,3.75,9,,8.25,8,8,,2,4,4,4.3333334922790500,4.3333334922790500,1.6666666269302400,2,4,3.75,2.25,3.3333332538604700,2.6666667461395300,2.5,3.5,,0.25,0.5,0.25,0.25,0,0.75,0,0.25,0.5,0,0
Texas,TX,226,USA_08112016_P1,2016,2016,46,221,0.2081448,,48.85204,44.66521,53.03888,58.62825,56.02366,61.23283,37,Moderate (50-59),7.521739,7.102596,7.940882,7.2608695,6.782196,7.739543,,3.7727272510528600,2.2272727489471400,3.7999999523162800,2.2000000476837200,3.6888887882232700,2.3111112117767300,31.62879,31.51268,,3.7777776718139600,3.5217392444610600,4,4.0232558250427200,71.34146,70.42361,,4.4651165008544900,1.5348837375640900,4.5,1.5,1.4666666984558100,12.69841,13.23148,,3.6500000953674300,2.3499999046325700,3.0833332538604700,2.9166667461395300,2.3913042545318600,3.6086957454681400,48.24561,51.20265,,2.4000000953674300,3.5999999046325700,3.8636362552642800,3.6279070377349900,2.2999999523162800,3.7000000476837200,1.7027027606964100,4.297297477722170,72.41936,70.27273,,3.1111111640930200,2.4761905670166000,3.5238094329834000,3.5714285373687700,3.2666666507720900,2.2857143878936800,52.1875,53.59783,,3.1785714626312300,3.375,2.763157844543460,3.3111112117767300,2.6888887882232700,2.3571429252624500,3.6428570747375500,51.57895,53.26704,,2.15625,3.84375,2.09375,3.90625,3.8260869979858400,3.3111112117767300,4.0789475440979000,4.15625,4.1750001907348600,1.3783783912658700,63.59375,64.26041,,4.153846263885500,4.1739130020141600,4.2272725105285600,2.625,3.375,2.1481480598449700,3.8518519401550300,73.46154,74.61364,,1.9545454978942900,4.0454545021057100,3.8666665554046600,2.1333334445953400,1.9534883499145500,4.0465116500854500,4,64.22414,63.41667,,3.6279070377349900,3.5111110210418700,3.7750000953674300,3.8863637447357200,68.58553,67.43056,,8.409091,1.8888888359069800,,6.0652175,5.9347825,5.1538463,6.2608695,7,,2.9782607555389400,0.1086956486,0.9782608747,0,0,0.0652173907,6,3.586957,0.2173913,5,0.13043478,3.5869565,0,0,0,0,0,0.9347826242,0,0,0.97826087,3,3.5681818,8.456522,,7.4347825,6.6086955,8.130435,,1.7173912525177000,4.2826085090637200,4.1860466003418000,4.1951217651367200,3.769230842590330,2.230769157409670,1.5675675868988000,4.4324326515197800,3.34883713722229,2.65116286277771,2.5555555820465100,3.4444444179534900,2.6521739959716800,4.0434784889221200,,0.4347825944,0.6304348111,0.2173912972,0.2608695626,0.0652173907,0.2826086879,0.1521739066,0.0217391308,0.2173912972,0.2608695626,0.0217391308
Utah,UT,227,USA_08112016_P1,2016,2016,3,26,0.1153846,,,,,64.9915,55.75276,74.23024,24,High (60-69),9,8.032415,9.967585,8.333333,6.855324,9.811342,,3.3333332538604700,2.6666667461395300,3.3333332538604700,2.6666667461395300,1.6666666269302400,4.3333334922790500,55.55556,55.55556,,3.3333332538604700,4.3333334922790500,4.6666665077209500,4.6666665077209500,81.25,81.25,,4.6666665077209500,1.3333333730697600,3.6666667461395300,2.3333332538604700,1.3333333730697600,16.66667,16.66667,,4,2,3.5,2.5,1.5,4.5,50,53.05555,,2,4,3.6666667461395300,4.3333334922790500,1.3333333730697600,4.6666665077209500,1.3333333730697600,4.6666665077209500,81.66666,81.66666,,2.6666667461395300,2,4,3.6666667461395300,3.6666667461395300,2,55,55,,2.5,2.3333332538604700,3.6666667461395300,3.3333332538604700,2.6666667461395300,1.6666666269302400,4.3333334922790500,45,53.33333,,1.3333333730697600,4.6666665077209500,1.6666666269302400,4.3333334922790500,2.6666667461395300,4.3333334922790500,4.6666665077209500,4,3.3333332538604700,2.3333332538604700,69.79166,69.79166,,4,3.3333332538604700,4.3333334922790500,,,1,5,,74.41666,,1.3333333730697600,4.6666665077209500,2.6666667461395300,3.3333332538604700,1.6666666269302400,4.3333334922790500,5,100,77.91666,,3.3333332538604700,4.6666665077209500,3.6666667461395300,4,72.91666,72.91666,,8.666667,1,,8.333333,5.6666665,4,7,8,,3,0,1,0,0,0,6,4.333333,0,5,0.33333334,4,0,0,0,0,0,1,0,0,1,3.6666667461395,3.6666667,8,,7.3333335,5.6666665,9.666667,,1.3333333730697600,4.6666665077209500,4.3333334922790500,4.3333334922790500,4.3333334922790500,1.6666666269302400,1.6666666269302400,4.3333334922790500,3.3333332538604700,2.6666667461395300,2,4,4.3333334922790500,3.6666667461395300,,0.6666666865,0.6666666865,0.3333333433,0.3333333433,0,0,0,0,0.6666666865,0.6666666865,0
Virginia,VA,120,USA_08112016_P1,2016,2016,28,122,0.2295082,,60.37415,56.49487,64.25343,59.74399,57.22521,62.26276,36,Moderate (50-59),7.75,7.339987,8.160013,6.75,6.221261,7.278739,,3.9259259700775100,2.0740740299224900,3.653846263885500,2.346153736114500,3.2857143878936800,2.7142856121063200,34.61538,34.86607,,3.8148148059845000,3.6666667461395300,4.2399997711181600,4.320000171661380,76,75.21205,,4.2800002098083500,1.7200000286102300,4.4615383148193400,1.5384615659713700,1.5199999809265100,14,16.3244,,3.8823528289794900,2.1176471710205100,2.8571429252624500,3.1428570747375500,2.5999999046325700,3.4000000953674300,48.21429,52.17262,,2.1818182468414300,3.8181817531585700,3.7599999904632600,3.461538553237920,2.3333332538604700,3.6666667461395300,1.6363636255264300,4.3636364936828600,71.75,70.21429,,2.730769157409670,2.730769157409670,3.269230842590330,3.3478260040283200,2.692307710647580,2.5499999523162800,47.94118,48.1875,,2.7619047164917000,3.0399999618530300,2.3913042545318600,3.3333332538604700,2.6666667461395300,2.3888888359069800,3.6111111640930200,48.125,48.39286,,2.3333332538604700,3.6666667461395300,2.2352941036224400,3.7647058963775600,3.5714285373687700,3.7857143878936800,3.952380895614620,3.8235294818878200,4.2173914909362800,1.25,60.71429,64.15736,,4.2272725105285600,4.3703703880310100,4.320000171661380,1.5555555820465100,4.4444446563720700,1.6666666269302400,4.3333334922790500,85,82.0625,,1.7916666269302400,4.2083334922790500,3.692307710647580,2.307692289352420,1.884615421295170,4.115384578704830,4.0555553436279300,63.88889,66.31696,,3.846153736114500,3.8148148059845000,4.0869565010070800,4,73.36957,73.42634,,7.9629631,1.2142857313156100,,7.5357141,7.2857141,5.7199998,6.6785712,7.5714288,,2.9285714626312300,0.1071428582,0.9642857313,0.1071428582,0.0357142873,0.0714285746,5.9642858505249000,3.392857,0.39285713,5,0.03571429,3.39285707,0.0357142873,0,0,0,0,0.821428597,0,0,0.9285714,2.7857143878937,3.6071429,7.9259257,,7,7.6428571,9.0357141,,1.576923131942750,4.4230771064758300,4.1923074722290000,4.1739130020141600,3.6956522464752200,2.3043477535247800,1.5833333730697600,4.4166665077209500,3.6071429252624500,2.3928570747375500,2.2727272510528600,3.7272727489471400,3.2857143878936800,4.3571429252624500,,0.5,0.571428597,0.2142857164,0.4642857015,0.1785714328,0.1428571492,0.1071428582,0,0.2142857164,0.2142857164,0
Vermont,VT,228,USA_08112016_P1,2016,2016,4,20,0.2,,,,,75.22959,66.67712,83.78207,1,Very High (70 or more),9.75,9.331024,10.16898,7.5,7.016208,7.983792,,3,3,2.5,3.5,1.75,4.25,64.58334,64.58334,,4.25,4.5,4.5,4.5,85.9375,85.9375,,2.6666667461395300,3.3333332538604700,3,3,3.6666667461395300,58.33333,50.10416,,2,4,2.5,3.5,2.25,3.75,68.75,68.75,,1.5,4.5,4.25,4.25,1.25,4.75,1.25,4.75,87.5,87.5,,4.25,1.3333333730697600,4.6666665077209500,3.3333332538604700,4.6666665077209500,1.5,75,65.75,,3.75,2.5,4.25,2.5,3.5,1.5,4.5,67.5,67.5,,1,5,1.25,4.75,4.25,4.75,4.5,4,4.25,1.75,79.16666,78.86719,,4.5,4.25,4.75,2,4,1.5,4.5,85,85.3125,,1.75,4.25,4.5,1.5,1.5,4.5,5,72.91666,68.67188,,4.75,4.5,4.5,4.5,89.0625,89.0625,,9,2.5,,9.5,9.25,9.25,8.5,9.5,,2.5,0,1,0,0,0,6,3.5,0.5,5,0,3.75,0,0,0,0,0,1,0,0,1,2,3,9.25,,6.5,7.25,9.25,,1,5,5,4.75,2.5,3.5,1.5,4.5,2.5,3.5,1.25,4.75,4.25,4.5,,0.25,0.75,0.5,0.5,0,0,0,0,0.25,0,0.25
Washington,WA,229,USA_08112016_P1,2016,2016,7,54,0.1296296,,,,,72.46356,69.30637,75.62076,7,Very High (70 or more),9.4285717,8.93019,9.926953,6.2857141,4.746491,7.824937,,2.7142856121063200,3.2857143878936800,2.7142856121063200,3.2857143878936800,1.4285714626312300,4.5714287757873500,67.85714,67.85714,,4.7142858505249000,4.8571429252624500,4.5714287757873500,4.7142858505249000,92.85714,92.85714,,3,3,3.5999999046325700,2.4000000953674300,2.5999999046325700,41.66667,38.51191,,3.5,2.5,2,4,1.3999999761581400,4.5999999046325700,66.66667,61.84524,,2.1428570747375500,3.8571429252624500,4.2857141494751000,4.1428570747375500,1.8571428060531600,4.1428570747375500,1.2857142686843900,4.7142858505249000,80.71429,80.71429,,3.8571429252624500,2.1428570747375500,3.8571429252624500,4.2857141494751000,3.7142856121063200,2.4000000953674300,59,65.42857,,3.25,3.2857143878936800,2.7999999523162800,3.8571429252624500,2.1428570747375500,2.2000000476837200,3.7999999523162800,53.33333,51.5,,1.2857142686843900,4.7142858505249000,1,5,4.7142858505249000,4.1428570747375500,5,4,4.4285712242126500,1.2000000476837200,78.125,77.99107,,4.6666665077209500,4.4285712242126500,4.7142858505249000,1.3333333730697600,4.6666665077209500,1.6000000238418600,4.4000000953674300,88.33334,86.25,,1.2857142686843900,4.7142858505249000,4.1428570747375500,1.8571428060531600,1.8571428060531600,4.1428570747375500,4,65,67.32143,,4.5714287757873500,4.7142858505249000,4.5,4.7142858505249000,89.58334,90.49107,,7.5714288,1.5714285373687700,,8.5714283,7.4285712,7.2857141,7.4285712,8.4285717,,3,0.1428571492,1,0,0,0,5.8571429252624500,3.142857,0.14285715,5,0,3.28571439,0,0,0,0,0,0.8571428657,0,0,1,2.7142856121063,2.5714285,9.1428576,,7.1428571,7.7142859,8.5714283,,1,5,4.6666665077209500,4.7142858505249000,2,4,1.1428571939468400,4.8571429252624500,2.2857143878936800,3.7142856121063200,1.5,4.5,4.2857141494751000,4.2857141494751000,,0.2857142985,0.2857142985,0.1428571492,0.8571428657,0.4285714328,0.1428571492,0.2857142985,0,0.2857142985,0.1428571492,0.1428571492
Wisconsin,WI,230,USA_08112016_P1,2016,2016,13,65,0.2,,54.08163,,,53.85204,50.60077,57.10331,50,Moderate (50-59),7,6.151372,7.848628,6.3076925,5.370648,7.244737,,3.8333332538604700,2.1666667461395300,4.5384616851806600,1.4615384340286300,4.615384578704830,1.384615421295170,17.36111,17.21154,,3.9090909957885700,3.153846263885500,4.0999999046325700,4,70,70.21635,,4.846153736114500,1.1538461446762100,4.4166665077209500,1.5833333730697600,1.2307692766189600,8.333333,8.269231,,4.3333334922790500,1.6666666269302400,3.4444444179534900,2.5555555820465100,2.5,3.5,38.54167,43.78205,,2.2727272510528600,3.7272727489471400,3.923076868057250,3.461538553237920,2,4,1.7777777910232500,4.2222223281860400,72.22222,71.65385,,2.4166667461395300,2.4545454978942900,3.5454545021057100,3.0833332538604700,2.5833332538604700,1.8181818723678600,44,43.42308,,2.5714285373687700,2.2999999523162800,2.3333332538604700,4,2,2.875,3.125,30,39.72917,,2.5555555820465100,3.4444444179534900,1.8571428060531600,4.1428570747375500,2.6666667461395300,4.3076925277710000,4.25,4.375,3.9000000953674300,1.5454545021057100,65.625,64.96394,,4.3000001907348600,4.3076925277710000,4.1818180084228500,1.6000000238418600,4.4000000953674300,1.7000000476837200,4.3000001907348600,89,81.17308,,3.4166667461395300,2.5833332538604700,3.923076868057250,2.076923131942750,1.6666666269302400,4.3333334922790500,4.0999999046325700,55.55556,57.47596,,3.7272727489471400,3.1666667461395300,4,3.6363637447357200,71.875,66.39423,,8.1538458,1.384615421295170,,5.2307692,3.6153846,3.8333333,5.2307692,6.3846154,,2.846153736114500,0.0769230798,1,0.0769230798,0.0769230798,0.0769230798,6,3.538461,0.23076923,5,0.46153846,3.92307687,0,0,0,0,0,0.8461538553,0,0.0769230798,1,3.1538462638855,3,8.333333,,6.8461537,6.3846154,7.6153846,,2,4,4.0833334922790500,4.0833334922790500,3.7999999523162800,2.2000000476837200,1.615384578704830,4.384615421295170,2.846153736114500,3.153846263885500,2.5,3.5,2.4166667461395300,4.4166665077209500,,0.4615384638,0.8461538553,0.2307692319,0.2307692319,0.1538461596,0.2307692319,0.0769230798,0.2307692319,0.2307692319,0.3076923192,0.0769230798
West Virginia,WV,121,USA_08112016_P1,2016,2016,2,19,0.1052632,,,,,65.63776,57.42924,73.84627,20,High (60-69),8.5,7.662047,9.337953,5,-0.0277146,10.02771,,3,3,3.5,2.5,2.5,3.5,50,50,,3,2.5,4.5,4.5,65.625,65.625,,2,4,2,4,,,38.54167,,,,,,,,,47.08333,,1,5,5,5,1.5,4.5,1,5,97.5,97.5,,3,2,4,4,3.5,2,57.5,57.5,,,5,,4.5,1.5,2,4,,53.5,,2,4,1,5,4.5,3,5,,5,1,,69.76563,,,5,5,,,1,5,,85.625,,1,5,4.5,1.5,1.5,4.5,4.5,71.875,71.875,,2,3,5,3,43.75,57.65625,,7,1,,8,5,2,6.5,7.5,,3,0,1,0,0,0.5,6,2,0,5,0,2.5,0,0,0,0,0,1,0,0,1,2,3,10,,9.5,9.5,10,,1.5,4.5,4,4,2,4,1,5,3.5,2.5,,,5,5,,0.5,0.5,0,0.5,0,0,0,0,0,0.5,0
Wyoming,WY,230,USA_08112016_P1,2016,2016,6,19,0.3157895,,69.38776,,,67.05357,63.26019,70.84696,18,High (60-69),9,8.567284,9.432716,8.166667,7.366823,8.966511,,3.3333332538604700,2.6666667461395300,4.5,1.5,2.1666667461395300,3.8333332538604700,41.66667,41.66667,,4.5,4,4.5,4.6666665077209500,85.41666,85.41666,,3.6666667461395300,2.3333332538604700,4.1999998092651400,1.7999999523162800,2,30,25.76389,,2.5,3.5,2.6666667461395300,3.3333332538604700,1.5,4.5,75,61.31944,,2.3333332538604700,3.6666667461395300,3.5,3.5,1.6666666269302400,4.3333334922790500,1.1666666269302400,4.8333334922790500,74.16666,74.16666,,3.8333332538604700,2.25,3.75,4,4.1666665077209500,2,70,64.20834,,3,2.6666667461395300,2.6666667461395300,3,3,1.7999999523162800,4.1999998092651400,51.66667,52.83333,,1.6000000238418600,4.4000000953674300,2.6666667461395300,3.3333332538604700,4.6666665077209500,4.1666665077209500,4.5999999046325700,4,4.5,1.5,70.3125,73.56771,,4.1999998092651400,4.6666665077209500,4.4000000953674300,2,4,1.6666666269302400,4.3333334922790500,75,80.875,,1.5,4.5,3.4000000953674300,2.5999999046325700,1.3333333730697600,4.6666665077209500,4,68.75,73.48959,,4.4000000953674300,4,4.3333334922790500,4.1999998092651400,83.33334,78.69791,,8.333333,2,,9.166667,7,5.5999999,7.5,8.833333,,2.6666667461395300,0,1,0,0,0,6,4.333333,0.16666667,5,0.16666667,4,0,0,0,0,0,0.8333333135,0,0,1,2,3.1666667,8.833333,,8.5,7.1666665,9.166667,,1.1666666269302400,4.8333334922790500,4.8333334922790500,4.8333334922790500,2.25,3.75,1.3333333730697600,4.6666665077209500,2,4,1.3999999761581400,4.5999999046325700,4.5999999046325700,4.8333334922790500,,0.3333333433,0.8333333135,0.3333333433,0.5,0.3333333433,0,0,0,0,0.1666666716,0
