Year,State,BallotsCountedVAP,BallotsCountedVEP,BallotsCounted,VotesHighestOffice,VAP,VEP,PctNonCitizen,Prison,Probation,Parole,Total Ineligible Felon,Overseas Eligible,StateAbbreviation
2022,United States,0.428,0.462,112030874,112030874,242690810,261673203,0.075,1157707,1145315,340972,2643994,3129152,US
2022,Alabama,0.358,0.373,1424087,1424087,3820009,3977770,0.023,25328,32711,8245,66284,,AL
2022,Alaska,0.478,0.502,267047,267047,531448,558308,0.035,4578,1682,1003,7263,,AK
2022,Arizona,0.446,0.493,2592313,2592313,5257070,5806140,0.079,34997,50333,6887,92217,,AZ
2022,Arkansas,0.388,0.415,914227,914227,2202252,2357190,0.036,15850,27511,25852,69213,,AR
2022,California,0.365,0.429,11146610,11146610,25994715,30542685,0.146,97328,0,0,97328,,CA
2022,Colorado,0.547,0.583,2540666,2540666,4357176,4642930,0.058,14990,0,0,14990,,CO
2022,Connecticut,0.447,0.486,1297811,1297811,2672164,2901604,0.076,9297,0,0,9297,,CT
2022,Delaware,0.399,0.428,325632,325632,761497,815329,0.051,4653,7004,373,12030,,DE
2022,District of Columbia,0.375,0.406,205774,205774,506405,548366,0.077,0,0,0,0,,DC
2022,Florida,0.431,0.481,7796916,7796916,16197278,18100676,0.094,75977,123920,4280,204177,,FL
2022,Georgia,0.469,0.519,3964926,3964926,7644125,8445249,0.059,44796,235589,19447,299832,,GA
2022,Hawaii,0.370,0.405,423443,423443,1046736,1144775,0.082,4097,0,0,4097,,HI
2022,Idaho,0.400,0.426,595350,595350,1397732,1490206,0.040,7996,18918,5967,32881,,ID
2022,Illinois,0.420,0.458,4144125,4144125,9048164,9859786,0.079,28582,0,0,28582,,IL
2022,Indiana,0.356,0.372,1880755,1880755,5061894,5277826,0.036,23458,0,0,23458,,IN
2022,Iowa,0.496,0.519,1230417,1230417,2372595,2482470,0.031,8128,17139,7261,32528,,IA
2022,Kansas,0.448,0.476,1008998,1008998,2121246,2251251,0.047,8477,10953,5428,24858,,KS
2022,Kentucky,0.428,0.448,1502550,1502550,3352567,3512486,0.025,18433,38267,14429,71129,,KY
2022,Louisiana,0.400,0.420,1410466,1410466,3355031,3524363,0.029,26851,19250,21566,67667,,LA
2022,Maine,0.596,0.608,680909,680909,1119461,1143143,0.019,0,0,0,0,,ME
2022,Maryland,0.421,0.458,2031635,2031635,4434258,4823486,0.081,14918,0,0,14918,,MD
2022,Massachusetts,0.444,0.488,2511461,2511461,5141977,5651857,0.089,5993,0,0,5993,,MA
2022,Michigan,0.567,0.589,4500400,4500400,7640677,7933413,0.033,33246,0,0,33246,,MI
2022,Minnesota,0.570,0.604,2526646,2526646,4181894,4434088,0.040,7681,58825,7359,73865,,MN
2022,Mississippi,0.313,0.325,709100,709100,2183828,2263618,0.014,17569,20027,10510,48106,,MS
2022,Missouri,0.478,0.496,2304250,2304250,4642509,4822855,0.023,22890,26737,20729,70356,,MO
2022,Montana,0.523,0.532,468326,468326,879710,895752,0.014,3910,0,0,3910,,MT
2022,Nebraska,0.457,0.484,682716,682716,1409798,1494725,0.047,5071,7903,1156,14130,,NE
2022,Nevada,0.409,0.458,1023617,1023617,2232999,2502244,0.103,10455,0,0,10455,,NV
2022,New Hampshire,0.547,0.563,626931,626931,1113547,1145537,0.026,2158,0,0,2158,,NH
2022,New Jersey,0.364,0.410,2645539,2645539,6447094,7275453,0.112,11896,0,0,11896,,NJ
2022,New Mexico,0.431,0.463,714754,714754,1542457,1657556,0.060,5377,8061,2725,16163,,NM
2022,New York,0.380,0.425,5962278,5962278,14026187,15676287,0.103,32574,0,0,32574,,NY
2022,North Carolina,0.448,0.475,3790202,3790202,7972970,8455572,0.054,28406,0,0,28406,,NC
2022,North Dakota,0.405,0.417,242566,242566,581570,598899,0.027,1384,0,0,1384,,ND
2022,Ohio,0.457,0.471,4201368,4201368,8921202,9199881,0.025,44608,0,0,44608,,OH
2022,Oklahoma,0.374,0.396,1153284,1153284,2913333,3080502,0.041,22071,15889,2237,40197,,OK
2022,Oregon,0.586,0.623,1997689,1997689,3208133,3409264,0.055,12753,0,0,12753,,OR
2022,Pennsylvania,0.522,0.544,5410022,5410022,9953327,10366708,0.036,38938,0,0,38938,,PA
2022,Rhode Island,0.406,0.436,361449,361449,828495,890835,0.067,2227,0,0,2227,,RI
2022,South Carolina,0.410,0.428,1718626,1718626,4018588,4195145,0.033,15787,18208,4638,38633,,SC
2022,South Dakota,0.510,0.531,354670,354670,668380,695896,0.022,3176,5210,3673,12059,,SD
2022,Tennessee,0.317,0.333,1756397,1756397,5270397,5539421,0.035,22205,41780,12407,76392,,TN
2022,Texas,0.358,0.418,8151590,8151590,19499000,22746809,0.122,128653,230704,110437,469794,,TX
2022,Utah,0.439,0.468,1084634,1084634,2317746,2468679,0.059,5249,0,0,5249,,UT
2022,Vermont,0.547,0.560,291955,291955,521758,533545,0.020,0,0,0,0,,VT
2022,Virginia,0.442,0.476,3021956,3021956,6348891,6836463,0.060,30620,44353,2017,76990,,VA
2022,Washington,0.498,0.553,3067686,3067686,5543001,6164761,0.088,15056,49805,14536,79397,,WA
2022,West Virginia,0.348,0.354,494753,494753,1396169,1423003,0.009,6031,4308,3682,14021,,WV
2022,Wisconsin,0.574,0.598,2673154,2673154,4467396,4655496,0.030,19846,26486,23174,69506,,WI
2022,Wyoming,0.438,0.456,198198,198198,434797,452896,0.025,2034,3745,954,6733,,WY
2020,Alabama,0.606,0.631,2325000,2323282,3837540,3683055,0.023,25898,50997,10266,67782,,AL
2020,Alaska,0.656,0.688,361400,359530,551117,525568,0.034,4293,2074,1348,6927,,AK
2020,Arizona,0.590,0.659,3420585,3387054,5798473,5189000,0.089,38520,76844,7536,93699,,AZ
2020,Arkansas,0.525,0.561,1223675,1219069,2331171,2182375,0.036,17510,36719,24698,64974,,AR
2020,California,0.578,0.685,17785151,17500881,30783255,25962648,0.150,104730,0,102586,207316,,CA
2020,Colorado,0.717,0.764,3295666,3256980,4595504,4313054,0.057,18905,0,0,18905,,CO
2020,Connecticut,0.655,0.715,1861086,1824280,2839560,2603327,0.077,13268,0,4452,17720,,CT
2020,Delaware,0.652,0.707,509241,504346,780822,720531,0.058,5874,14176,350,15013,,DE
2020,District of Columbia,0.595,0.641,346491,344356,582065,540685,0.071,0,0,0,0,,DC
2020,Florida,0.635,0.717,11144855,11067456,17543341,15551739,0.101,91674,205033,4345,223139,,FL
2020,Georgia,0.608,0.680,5023159,4999960,8255108,7383562,0.066,50930,416771,20426,329754,,GA
2020,Hawaii,0.520,0.575,579784,574469,1114466,1007920,0.091,5007,0,0,5007,,HI
2020,Idaho,0.634,0.680,878527,868014,1384683,1292701,0.041,8378,34392,5267,34968,,ID
2020,Illinois,0.615,0.670,6050000,6033744,9832749,9027082,0.078,38464,0,0,38464,,IL
2020,Indiana,0.588,0.614,3068542,3033121,5214546,5000007,0.036,26302,0,0,26302,,IN
2020,Iowa,0.697,0.732,1700130,1690871,2439743,2321131,0.035,9216,29137,6652,33933,,IA
2020,Kansas,0.619,0.659,1375125,1373763,2223238,2087946,0.049,9882,16455,5438,25522,,KS
2020,Kentucky,0.618,0.649,2150954,2136768,3479257,3312250,0.028,23280,46967,15881,68281,,KY
2020,Louisiana,0.610,0.643,2169401,2148062,3557594,3373932,0.028,32267,35025,29321,83304,,LA
2020,Maine,0.750,0.763,828305,819461,1104489,1085285,0.017,0,0,0,0,,ME
2020,Maryland,0.648,0.711,3066945,3037030,4729400,4313416,0.084,18165,0,0,18165,,MD
2020,Massachusetts,0.657,0.721,3658005,3631402,5566452,5072901,0.087,7772,0,0,7772,,MA
2020,Michigan,0.709,0.739,5579317,5539302,7870864,7550147,0.036,38183,0,0,38183,,MI
2020,Minnesota,0.752,0.800,3292997,3277171,4378737,4118462,0.041,9712,100076,7381,79140,,MN
2020,Mississippi,0.581,0.602,1325000,1313894,2279412,2201950,0.014,19244,27294,9866,46032,,MS
2020,Missouri,0.631,0.657,3026028,3025962,4794796,4603060,0.024,30148,43871,19251,76599,,MO
2020,Montana,0.719,0.731,612075,605637,851663,837298,0.012,3754,0,0,3754,,MT
2020,Nebraska,0.658,0.699,966920,956383,1469878,1383551,0.048,5263,14894,958,15455,,NE
2020,Nevada,0.574,0.654,1407754,1405376,2450946,2153915,0.116,12399,0,0,12399,,NV
2020,New Hampshire,0.730,0.755,814499,804991,1115916,1079434,0.030,2635,0,0,2635,,NH
2020,New Jersey,0.667,0.753,4635585,4549353,6952008,6158999,0.111,18099,0,0,18099,,NJ
2020,New Mexico,0.568,0.613,928230,923965,1634037,1515355,0.062,6887,12090,2805,17188,,NM
2020,New York,0.565,0.636,8690139,8616861,15372655,13670596,0.105,42408,0,45192,87600,,NY
2020,North Carolina,0.666,0.715,5545848,5524804,8328642,7759051,0.057,33640,80068,14215,97497,,NC
2020,North Dakota,0.623,0.645,364251,361819,584610,565143,0.030,1679,0,0,1679,,ND
2020,Ohio,0.653,0.674,5974121,5922202,9144626,8859167,0.026,49892,0,0,49892,,OH
2020,Oklahoma,0.516,0.550,1565000,1560699,3031792,2845835,0.043,27558,41562,1780,55106,,OK
2020,Oregon,0.709,0.755,2413890,2374321,3405863,3196425,0.057,13795,0,0,13795,,OR
2020,Pennsylvania,0.683,0.711,6958551,6915283,10186170,9781976,0.035,44148,0,0,44148,,PA
2020,Rhode Island,0.609,0.653,522488,517757,857507,799642,0.064,2766,0,0,2766,,RI
2020,South Carolina,0.615,0.645,2533010,2513329,4116633,3926305,0.036,18587,31975,4980,43392,,SC
2020,South Dakota,0.633,0.660,427529,422609,675016,648104,0.024,3867,5989,3201,10781,,SD
2020,Tennessee,0.569,0.598,3065000,3053851,5391220,5124867,0.036,26107,61253,10842,74926,,TN
2020,Texas,0.515,0.604,11350000,11315056,22058260,18784280,0.126,154913,368167,109213,492390,,TX
2020,Utah,0.647,0.692,1515845,1488289,2343384,2191487,0.062,6287,0,0,6287,,UT
2020,Vermont,0.725,0.742,370968,367428,511637,499884,0.023,0,0,0,0,,VT
2020,Virginia,0.672,0.730,4523142,4460524,6727440,6196071,0.068,35743,63111,1860,76732,,VA
2020,Washington,0.678,0.757,4116894,4087631,6070046,5437844,0.091,18777,76672,12222,78536,,WA
2020,West Virginia,0.564,0.576,802726,794652,1422098,1394028,0.009,6757,6593,4287,15132,,WV
2020,Wisconsin,0.722,0.758,3310000,3298041,4586746,4368530,0.032,23574,42909,21015,71193,,WI
2020,Wyoming,0.622,0.646,278503,276765,447915,431364,0.022,2488,5383,934,6759,,WY
2018,United States,0.465,0.503,118581921,117069210,255152703,235714420,0.083,1416810,2126035,494442,3123092,4793402,US
2018,Alabama,0.453,0.473,1721906,1719589,3802714,3641209,0.025,28680,52177,8562,66983,,AL
2018,Alaska,0.514,0.546,285009,283134,554426,521777,0.041,4317,6621,1812,9903,,AK
2018,Arizona,0.437,0.491,2409910,2384308,5519036,4910625,0.094,37582,77373,7500,89185,,AZ
2018,Arkansas,0.387,0.414,898793,891509,2319740,2171940,0.038,17242,30881,23792,58636,,AR
2018,California,0.412,0.496,12712542,12464235,30836229,25635139,0.164,130390,0,0,130390,,CA
2018,Colorado,0.581,0.630,2583580,2525062,4445013,4103903,0.070,18576,0,10186,28762,,CO
2018,Connecticut,0.498,0.544,1421953,1406803,2856023,2614176,0.078,14475,0,3379,17854,,CT
2018,Delaware,0.475,0.514,365467,362592,769716,710434,0.057,6254,15395,387,15416,,DE
2018,District of Columbia,0.401,0.437,231482,224658,577553,529198,0.084,0,0,0,0,,DC
2018,Florida,0.485,0.549,8318824,8220561,17168712,15140654,0.105,92847,214066,4566,219431,,FL
2018,Georgia,0.490,0.550,3949905,3939328,8063141,7178075,0.072,51092,410964,22386,307727,,GA
2018,Hawaii,0.355,0.393,398657,390843,1122119,1014363,0.091,5474,0,0,5474,,HI
2018,Idaho,0.466,0.500,612536,605131,1314172,1224275,0.044,7949,32409,5054,31476,,ID
2018,Illinois,0.468,0.514,4635541,4570842,9902219,9017850,0.085,42017,0,0,42017,,IL
2018,Indiana,0.449,0.469,2308258,2282565,5139352,4923068,0.037,24948,0,0,24948,,IN
2018,Iowa,0.549,0.577,1334279,1327638,2431468,2312204,0.036,8888,29254,6051,31614,,IA
2018,Kansas,0.479,0.512,1060000,1055566,2211696,2072292,0.052,9613,16654,4830,23936,,KS
2018,Kentucky,0.465,0.486,1612353,1569798,3469061,3319907,0.024,22868,48457,15383,65871,,KY
2018,Louisiana,0.424,0.448,1519405,1460585,3581751,3394257,0.027,35543,40174,30907,89349,,LA
2018,Maine,0.591,0.602,646013,634409,1092942,1073006,0.018,0,0,0,0,,ME
2018,Maryland,0.492,0.542,2335128,2304512,4742399,4306482,0.088,19382,0,0,19382,,MD
2018,Massachusetts,0.496,0.546,2752665,2707090,5546080,5042403,0.089,8780,0,0,8780,,MA
2018,Michigan,0.554,0.578,4341340,4250585,7841291,7513813,0.037,40502,0,0,40502,,MI
2018,Minnesota,0.602,0.642,2611365,2596879,4335998,4064389,0.046,10158,96852,7075,72439,,MN
2018,Mississippi,0.422,0.437,961025,936215,2278270,2201276,0.014,19150,29067,8645,44363,,MS
2018,Missouri,0.513,0.534,2442306,2442289,4764892,4570675,0.025,31956,43799,17792,74713,,MO
2018,Montana,0.610,0.620,509213,504384,835371,821710,0.012,3795,0,0,3795,,MT
2018,Nebraska,0.485,0.518,706652,698417,1458088,1364285,0.055,5079,13489,1088,13856,,NE
2018,Nevada,0.410,0.475,975980,972132,2380512,2052636,0.126,13742,13724,5261,26826,,NV
2018,New Hampshire,0.529,0.546,580568,573608,1096918,1062391,0.029,2818,0,0,2818,,NH
2018,New Jersey,0.459,0.531,3248642,3169310,7074259,6114344,0.120,18504,140589,15128,113768,,NJ
2018,New Mexico,0.436,0.473,701654,696459,1610112,1482246,0.069,6914,12714,2780,16941,,NM
2018,New York,0.396,0.452,6230959,6104477,15748183,13772077,0.120,46416,0,44426,90842,,NY
2018,North Carolina,0.463,0.496,3755778,3693104,8117590,7577011,0.055,34357,82466,12726,94089,,NC
2018,North Dakota,0.572,0.586,330598,326138,578460,564114,0.022,1791,0,0,1791,,ND
2018,Ohio,0.493,0.509,4496834,4429582,9113230,8839520,0.024,51666,0,0,51666,,OH
2018,Oklahoma,0.398,0.425,1190000,1186385,2987070,2798385,0.047,26691,33562,1895,47716,,OK
2018,Oregon,0.573,0.615,1914923,1866997,3339282,3113178,0.063,15166,0,0,15166,,OR
2018,Pennsylvania,0.495,0.517,5043029,5012555,10178261,9758386,0.037,48098,0,0,48098,,PA
2018,Rhode Island,0.445,0.481,381267,376738,856988,793460,0.071,3038,0,0,3038,,RI
2018,South Carolina,0.432,0.452,1726527,1707569,3996952,3819264,0.034,20350,32634,4347,43298,,SC
2018,South Dakota,0.514,0.533,341048,339214,663321,640417,0.025,3744,0,2687,6431,,SD
2018,Tennessee,0.429,0.451,2267428,2243740,5290993,5031061,0.035,27906,62609,12092,75685,,TN
2018,Texas,0.392,0.463,8375000,8371655,21390152,18072155,0.133,155327,374285,111287,479956,,TX
2018,Utah,0.483,0.520,1082972,1065630,2242122,2082549,0.069,5846,0,0,5846,,UT
2018,Vermont,0.547,0.559,278230,274087,508992,497750,0.022,0,0,0,0,,VT
2018,Virginia,0.504,0.548,3363505,3351373,6673763,6141102,0.069,36959,60821,1650,73277,,VA
2018,Washington,0.531,0.589,3133448,3086168,5903135,5316196,0.086,18335,89317,11322,80568,,WA
2018,West Virginia,0.416,0.425,597149,586034,1435238,1405262,0.011,7137,6523,3550,14405,,WV
2018,Wisconsin,0.588,0.617,2675000,2673308,4549459,4337051,0.032,22889,44489,20401,68649,,WI
2018,Wyoming,0.468,0.487,205275,203420,438237,421722,0.024,2323,4666,842,5825,,WY
2008,United States,0.574,0.622,132609063,131304731,230872030,213313508,0.084,1605448,2451085,627680,3144831,4972217,US
2008,Alabama,0.586,0.610,2105622,2099819,3595708,3454510,0.022,30508,53252,8042,61155,74079,AL
2008,Alaska,0.645,0.683,327341,326197,507645,479429,0.037,5014,6708,1732,9234,60686,AK
2008,Arizona,0.497,0.574,2320851,2293475,4673718,4046075,0.116,39589,82232,7534,84472,90036,AZ
2008,Arkansas,0.504,0.529,1095958,1086617,2174846,2071563,0.029,14716,31169,19908,40255,43963,AR
2008,California,0.501,0.617,13743177,13561900,27411094,22261504,0.179,173670,0,120753,234047,486207,CA
2008,Colorado,0.653,0.716,2422236,2401361,3708955,3382959,0.080,23274,0,11654,29101,71854,CO
2008,Connecticut,0.604,0.666,,1646792,2725917,2471082,0.085,20661,0,2328,21825,45799,CT
2008,Delaware,0.608,0.658,413562,412398,680493,628200,0.053,7075,17216,551,15959,12658,DE
2008,District of Columbia,0.554,0.617,266871,265853,481971,432566,0.103,0,0,0,0,6916,DC
2008,Florida,0.581,0.666,8453743,8390744,14558436,12687407,0.112,102388,279760,4528,244532,451907,FL
2008,Georgia,0.558,0.627,3940705,3924440,7063638,6281872,0.073,52719,397081,23448,262984,141001,GA
2008,Hawaii,0.440,0.490,456064,453568,1036088,930067,0.097,5955,0,0,5955,20090,HI
2008,Idaho,0.597,0.648,667506,655032,1117842,1029416,0.049,7290,49513,3361,33727,26779,ID
2008,Illinois,0.580,0.643,5578195,5523051,9615700,8681138,0.092,45474,0,0,45474,200530,IL
2008,Indiana,0.581,0.603,2805986,2751054,4826231,4653019,0.030,28322,0,0,28322,89605,IN
2008,Iowa,0.672,0.697,1543662,1537123,2298515,2216094,0.026,8766,22958,3159,21825,43108,IA
2008,Kansas,0.602,0.635,1264208,1235872,2100084,1991759,0.042,8539,16263,4958,19150,42495,KS
2008,Kentucky,0.567,0.590,1858578,1826508,3277617,3152629,0.022,21706,51035,12277,53362,58518,KY
2008,Louisiana,0.592,0.618,1979852,1960761,3342279,3205794,0.020,38381,40025,24636,70712,68285,LA
2008,Maine,0.709,0.718,744456,731163,1049816,1036242,0.013,0,0,0,0,21362,ME
2008,Maryland,0.613,0.678,2661905,2631596,4342850,3925117,0.078,23324,96360,13220,78114,77074,MD
2008,Massachusetts,0.613,0.673,3102995,3080985,5058035,4612550,0.086,11408,0,0,11408,77830,MA
2008,Michigan,0.669,0.697,5039080,5001766,7528460,7229512,0.033,48738,0,0,48738,163673,MI
2008,Minnesota,0.735,0.781,2921147,2910369,3975974,3740142,0.040,9910,127627,5081,76264,70063,MN
2008,Mississippi,0.589,0.610,,1289856,2190402,2113347,0.019,22754,22267,2922,35349,45082,MS
2008,Missouri,0.655,0.682,2950504,2925205,4507688,4327572,0.025,30186,57360,20683,69208,96710,MO
2008,Montana,0.659,0.671,497599,491960,755384,741853,0.013,3545,0,0,3545,22898,MT
2008,Nebraska,0.602,0.637,811923,801281,1348048,1274719,0.043,4520,19606,846,14746,27311,NE
2008,Nevada,0.485,0.572,970019,967848,2000277,1696831,0.141,12743,13337,3908,21366,45656,NV
2008,New Hampshire,0.704,0.725,719643,710970,1021787,992226,0.026,2702,0,0,2702,25558,NH
2008,New Jersey,0.588,0.677,3910220,3868237,6651284,5776527,0.117,25953,128737,15849,98246,110559,NJ
2008,New Mexico,0.553,0.612,833365,830158,1505830,1362629,0.083,6402,20883,3724,18706,31444,NM
2008,New York,0.519,0.596,7721718,7640640,14876971,12948969,0.124,60347,0,52225,86460,263787,NY
2008,North Carolina,0.614,0.661,4354571,4310789,7096503,6584302,0.059,39482,109678,3409,96026,133483,NC
2008,North Dakota,0.626,0.636,321133,316621,512768,504762,0.013,1452,0,0,1452,11179,ND
2008,Ohio,0.659,0.678,5773777,5698260,8757453,8513079,0.022,51686,0,0,51686,174703,OH
2008,Oklahoma,0.532,0.563,1474694,1462661,2770219,2619121,0.040,25864,27940,3073,41371,57046,OK
2008,Oregon,0.633,0.683,1845251,1827864,2916246,2700327,0.069,14167,0,0,14167,63480,OR
2008,Pennsylvania,0.619,0.642,6071357,6012692,9813664,9457942,0.031,49215,0,0,49215,203791,PA
2008,Rhode Island,0.576,0.623,475428,471766,825786,763608,0.070,4045,0,0,4045,13827,RI
2008,South Carolina,0.555,0.582,1927153,1920969,3473488,3311044,0.034,24326,41254,1947,45927,72241,SC
2008,South Dakota,0.643,0.656,387449,381975,602539,590720,0.012,3342,0,2720,4702,20144,SD
2008,Tennessee,0.549,0.574,2618238,2599749,4771926,4563192,0.031,27228,58109,10578,61572,127930,TN
2008,Texas,0.455,0.541,,8077795,17756112,14929810,0.135,172506,427080,102921,437507,549216,TX
2008,Utah,0.528,0.571,971185,952370,1840087,1700286,0.072,6552,0,0,6552,31783,UT
2008,Vermont,0.663,0.677,326822,325046,492610,482677,0.020,0,0,0,0,10546,VT
2008,Virginia,0.623,0.676,3753059,3723260,6022123,5555415,0.066,38276,53614,4471,67319,124689,VA
2008,Washington,0.610,0.673,3071587,3036878,5032960,4561163,0.078,17926,113134,11768,80377,138296,WA
2008,West Virginia,0.504,0.512,731691,713362,1453045,1430439,0.008,6059,8283,2005,11203,33788,WV
2008,Wisconsin,0.696,0.727,2997086,2983417,4306876,4120694,0.030,23379,50418,18105,57641,78721,WI
2008,Wyoming,0.612,0.631,256035,254658,418040,405732,0.017,2084,5438,727,5167,13832,WY
2010,United States,0.385,0.418,90912015,89099476,236022989,217551109,0.085,1512225,1321051,629644,3244035,4972217,US
2010,Alabama,0.411,0.433,1503232,1494273,3661784,3472582,0.028,31587,50622,9006,86889,,AL
2010,Alaska,0.494,0.529,261128,256192,528744,493764,0.040,5576,6959,2089,13601,,AK
2010,Arizona,0.364,0.416,1750840,1727791,4807398,4209544,0.103,35368,52316,7993,96443,,AZ
2010,Arkansas,0.356,0.379,789773,781333,2216171,2081156,0.037,16047,26995,21106,53752,,AR
2010,California,0.374,0.459,10529134,10095485,28167234,22946053,0.177,146412,0,105133,217629,,CA
2010,Colorado,0.476,0.517,1828323,1787730,3843619,3533054,0.073,21559,0,11014,28322,,CO
2010,Connecticut,0.417,0.459,1153872,1153115,2765843,2512981,0.084,18553,0,2894,20768,,CT
2010,Delaware,0.454,0.490,316754,307402,696940,646969,0.055,6307,4448,560,11326,,DE
2010,District of Columbia,0.268,0.296,135846,132656,506765,458619,0.095,0,0,0,0,,DC
2010,Florida,0.367,0.422,5473787,5411106,14916066,12961184,0.112,97944,165760,4093,272113,,FL
2010,Georgia,0.362,0.406,2623035,2576161,7255919,6464845,0.074,54710,185286,25091,254264,,GA
2010,Hawaii,0.364,0.403,386302,382563,1062593,959531,0.091,5813,0,0,5912,,HI
2010,Idaho,0.400,0.429,459079,452535,1147210,1069446,0.047,7268,13721,3957,23131,,ID
2010,Illinois,0.390,0.431,3792770,3729989,9735944,8798829,0.091,46314,0,0,48418,,IL
2010,Indiana,0.366,0.381,1791832,1744481,4896656,4697111,0.035,27481,0,0,28028,,IN
2010,Iowa,0.487,0.507,1133429,1116063,2328262,2234516,0.032,9276,8862,3197,19916,,IA
2010,Kansas,0.401,0.426,857658,838790,2137815,2011497,0.052,8741,3704,5063,15287,,KS
2010,Kentucky,0.426,0.443,1417995,1356468,3332204,3198093,0.024,20385,25688,14628,53546,,KY
2010,Louisiana,0.378,0.400,1298649,1264994,3438247,3249524,0.027,39335,42599,26202,95145,,LA
2010,Maine,0.550,0.559,580584,572766,1055605,1038201,0.016,0,0,0,0,,ME
2010,Maryland,0.420,0.467,1868179,1857880,4449617,4001034,0.088,21992,26164,13195,55407,,MD
2010,Massachusetts,0.450,0.494,2319963,2297039,5152976,4693670,0.087,10429,0,0,11312,,MA
2010,Michigan,0.433,0.451,3268217,3226088,7555742,7245281,0.035,43499,0,0,44113,,MI
2010,Minnesota,0.525,0.558,2123369,2107021,4041199,3802677,0.045,9281,42661,5807,55361,,MN
2010,Mississippi,0.355,0.370,,788549,2220094,2129334,0.018,21067,26793,6434,51077,,MS
2010,Missouri,0.436,0.457,1997271,1943899,4581260,4366435,0.026,30178,54916,19421,95250,,MO
2010,Montana,0.476,0.484,367096,360341,770601,758653,0.011,3706,0,0,3716,,MT
2010,Nebraska,0.366,0.387,503514,487988,1375023,1301483,0.047,4324,4080,941,9138,,NE
2010,Nevada,0.354,0.414,723515,721404,2046400,1747288,0.135,12653,8067,4964,23202,,NV
2010,New Hampshire,0.447,0.461,461423,456588,1033023,999918,0.029,2694,0,0,2761,,NH
2010,New Jersey,0.326,0.377,2200974,2121584,6750869,5834037,0.122,25007,57517,15563,90306,,NJ
2010,New Mexico,0.406,0.447,630013,602827,1552212,1408872,0.077,6541,14855,3146,23087,,NM
2010,New York,0.315,0.363,4763899,4658586,15111583,13135048,0.125,50668,0,48542,80927,,NY
2010,North Carolina,0.369,0.398,2700706,2660079,7310093,6785463,0.061,38341,36740,3621,78667,,NC
2010,North Dakota,0.457,0.466,241039,238812,527497,516974,0.017,1480,0,0,1487,,ND
2010,Ohio,0.448,0.462,3956028,3852453,8826908,8571952,0.023,51116,0,0,51712,,OH
2010,Oklahoma,0.368,0.391,1043507,1034767,2839030,2666767,0.044,25893,20601,2627,48167,,OK
2010,Oregon,0.498,0.539,1487210,1453548,2984806,2760607,0.070,12262,0,0,14014,,OR
2010,Pennsylvania,0.408,0.424,4055336,3987551,9946290,9565822,0.033,50116,0,0,51264,,PA
2010,Rhode Island,0.417,0.454,346357,342290,829913,763534,0.076,3357,0,0,3357,,RI
2010,South Carolina,0.382,0.403,1365480,1344198,3571250,3388417,0.038,23074,21144,6412,47928,,SC
2010,South Dakota,0.525,0.539,323410,317083,616113,599507,0.019,3373,0,2843,4856,,SD
2010,Tennessee,0.332,0.351,1620542,1601549,4878724,4622919,0.035,27213,52178,12157,85708,,TN
2010,Texas,0.274,0.327,5066957,4979870,18487369,15514007,0.135,164507,247136,104763,473167,,TX
2010,Utah,0.341,0.368,653274,643307,1914974,1772934,0.070,6536,0,0,6807,,UT
2010,Vermont,0.489,0.498,243617,241605,498254,488942,0.019,0,0,0,0,,VT
2010,Virginia,0.357,0.391,2214505,2189841,6194717,5660589,0.071,36020,56654,2624,95376,,VA
2010,Washington,0.494,0.543,2565589,2511094,5190736,4724350,0.083,17331,15452,6956,37165,,WA
2010,West Virginia,0.365,0.372,536493,529948,1468812,1442003,0.009,6673,6650,1796,14229,,WV
2010,Wisconsin,0.501,0.524,2185021,2171331,4365214,4172130,0.032,22724,22602,19572,55112,,WI
2010,Wyoming,0.443,0.460,190822,188463,430673,414536,0.024,2059,3231,682,5684,,WY
2012,United States,0.541,0.586,130292355,129070906,240957993,222474111,0.084,1473412,2342582,637410,3352390,5127418,US
2012,Alabama,0.560,0.586,,2074338,3707440,3539217,0.026,32232,57993,8616,71584,,AL
2012,Alaska,0.555,0.589,301694,300495,543763,511792,0.038,5633,7173,1882,11317,,AK
2012,Arizona,0.469,0.530,2323579,2306559,4959270,4387900,0.099,35188,72452,7460,81048,,AZ
2012,Arkansas,0.481,0.511,1078548,1069468,2242740,2109847,0.035,14471,30122,23372,53808,,AR
2012,California,0.457,0.557,13202158,13038547,28913129,23681837,0.174,119455,0,89287,208742,,CA
2012,Colorado,0.652,0.706,2596173,2569522,3981208,3675871,0.069,18807,0,11458,30265,,CO
2012,Connecticut,0.557,0.614,1560640,1558960,2801375,2543202,0.085,16935,0,2793,19728,,CT
2012,Delaware,0.578,0.623,,413921,715708,663967,0.051,6610,15641,601,15501,,DE
2012,District of Columbia,0.556,0.616,294254,293764,528848,477582,0.097,0,0,0,0,,DC
2012,Florida,0.555,0.633,8538264,8474179,15380947,13495057,0.108,91954,240869,4538,224153,,FL
2012,Georgia,0.526,0.593,3919355,3900050,7452696,6606607,0.072,52737,442061,24761,311790,,GA
2012,Hawaii,0.402,0.445,437159,434697,1088335,982902,0.092,5544,0,0,5544,,HI
2012,Idaho,0.568,0.610,666290,652274,1173727,1091410,0.046,7985,31606,3848,28584,,ID
2012,Illinois,0.537,0.593,5279752,5242014,9827043,8899143,0.089,49348,0,0,49348,,IL
2012,Indiana,0.537,0.560,2663368,2624534,4960376,4755291,0.036,28266,0,0,28266,,IN
2012,Iowa,0.675,0.706,1589951,1582180,2356209,2251748,0.032,8470,29333,5151,29167,,IA
2012,Kansas,0.547,0.582,1182771,1156254,2162442,2030686,0.050,9346,17021,5126,23493,,KS
2012,Kentucky,0.539,0.562,1815843,1797212,3368684,3229185,0.022,21863,54511,14419,65173,,KY
2012,Louisiana,0.576,0.608,2014548,1994065,3495847,3311626,0.027,40047,41298,28946,90881,,LA
2012,Maine,0.681,0.693,724758,713180,1064779,1046008,0.018,0,0,0,0,,ME
2012,Maryland,0.600,0.673,2734062,2707327,4553853,4063582,0.089,20871,96640,13195,85285,,MD
2012,Massachusetts,0.605,0.662,3184196,3167767,5263550,4809675,0.084,10283,0,0,10283,,MA
2012,Michigan,0.627,0.654,4780701,4730961,7625576,7312725,0.035,43019,0,0,43019,,MI
2012,Minnesota,0.717,0.764,2950780,2936561,4114820,3861598,0.044,9383,108157,6006,72712,,MN
2012,Mississippi,0.572,0.593,,1285584,2246931,2166825,0.015,22305,30768,6804,45416,,MS
2012,Missouri,0.596,0.622,,2757323,4628500,4432957,0.025,30714,55470,20672,80785,,MO
2012,Montana,0.626,0.635,491966,484048,785454,774476,0.009,3592,0,0,3592,,MT
2012,Nebraska,0.576,0.611,804245,794379,1396507,1316915,0.047,4466,14260,1383,13407,,NE
2012,Nevada,0.483,0.565,1016664,1014918,2105976,1800969,0.133,12883,11321,5379,24262,,NV
2012,New Hampshire,0.686,0.709,718700,710972,1047978,1013420,0.030,2672,0,0,2672,,NH
2012,New Jersey,0.538,0.622,3683638,3640292,6847503,5918182,0.121,21759,114886,14987,97636,,NJ
2012,New Mexico,0.500,0.548,786522,783757,1573400,1436363,0.073,6553,21381,5078,22963,,NM
2012,New York,0.465,0.535,7128852,7074723,15344671,13324107,0.125,49889,0,46222,96111,,NY
2012,North Carolina,0.606,0.654,4542488,4505372,7496980,6947954,0.061,35567,96070,4359,90843,,NC
2012,North Dakota,0.592,0.604,325564,322627,549955,539164,0.017,1500,0,0,1500,,ND
2012,Ohio,0.633,0.651,5632423,5580822,8896930,8649495,0.022,50313,0,0,50313,,OH
2012,Oklahoma,0.463,0.492,,1334872,2885093,2713268,0.045,25225,25506,2310,41053,,OK
2012,Oregon,0.597,0.642,1820507,1789270,3050747,2836101,0.066,13607,0,0,13607,,OR
2012,Pennsylvania,0.572,0.595,,5742040,10037099,9651432,0.033,50054,0,0,50054,,PA
2012,Rhode Island,0.534,0.580,,446049,834983,768918,0.075,3249,0,0,3249,,RI
2012,South Carolina,0.541,0.568,1981516,1964118,3662322,3486838,0.035,21895,34945,6116,46532,,SC
2012,South Dakota,0.583,0.601,368270,363815,631472,613190,0.019,3574,0,2761,6335,,SD
2012,Tennessee,0.498,0.524,2479733,2458577,4976284,4736084,0.033,28135,64430,13138,75421,,TN
2012,Texas,0.417,0.496,,7993851,19185395,16119973,0.135,157564,405473,112288,484753,,TX
2012,Utah,0.520,0.561,1028786,1017440,1978956,1833339,0.070,6611,0,0,6611,,UT
2012,Vermont,0.601,0.612,301793,299290,502242,493355,0.018,0,0,0,0,,VT
2012,Virginia,0.612,0.666,3888186,3854489,6348827,5834676,0.071,36425,52956,1983,66475,,VA
2012,Washington,0.595,0.658,3172939,3125516,5329782,4822060,0.082,16355,88339,8895,72070,,WA
2012,West Virginia,0.455,0.463,,670438,1472642,1447066,0.008,7052,8573,2052,13648,,WV
2012,Wisconsin,0.698,0.733,3084115,3068434,4417273,4209370,0.032,21987,46328,20023,66564,,WI
2012,Wyoming,0.568,0.590,250701,249061,441726,425142,0.025,2163,5162,762,5661,,WY
2014,United States,0.339,0.367,83262122,81687059,245838140,227157964,0.083,1493706,2298993,548576,3329718,5345814,US
2014,Alabama,0.319,0.332,1191274,1180413,3738721,3588783,0.026,31691,53640,8097,69826,,AL
2014,Alaska,0.518,0.548,285431,282382,550837,520562,0.039,5216,7077,2210,11389,,AK
2014,Arizona,0.300,0.341,1537671,1506416,5119512,4510186,0.097,37516,73232,7502,86028,,AZ
2014,Arkansas,0.377,0.403,852642,848592,2262057,2117881,0.038,17756,28192,21743,55287,,AR
2014,California,0.253,0.307,7513972,7317581,29677092,24440416,0.167,136088,0,87104,223192,,CA
2014,Colorado,0.504,0.547,2080071,2041020,4127123,3800664,0.070,19121,0,10067,29188,,CO
2014,Connecticut,0.388,0.425,1096556,1089880,2828562,2577311,0.082,16113,0,2564,18677,,CT
2014,Delaware,0.324,0.349,238110,234038,733971,681526,0.056,6625,15665,676,16073,,DE
2014,District of Columbia,0.323,0.357,177176,175071,548623,495899,0.092,0,0,0,0,,DC
2014,Florida,0.378,0.433,6026802,5951561,15945404,13914216,0.105,95671,227087,4519,227359,,FL
2014,Georgia,0.340,0.386,2596947,2567761,7629263,6725041,0.071,50499,471067,25547,339844,,GA
2014,Hawaii,0.332,0.365,369554,366125,1112282,1012123,0.089,5721,0,0,5721,,HI
2014,Idaho,0.369,0.398,445307,439830,1205335,1119882,0.046,7901,33450,4217,30850,,ID
2014,Illinois,0.372,0.408,3680417,3627690,9895610,9028752,0.087,46465,0,0,46465,,IL
2014,Indiana,0.276,0.287,1387622,1341814,5018794,4829510,0.037,28638,0,0,28638,,IN
2014,Iowa,0.480,0.503,1142284,1129700,2381863,2269179,0.035,8686,29929,5769,31215,,IA
2014,Kansas,0.407,0.433,887023,869502,2180860,2048164,0.053,9326,16328,4051,22521,,KS
2014,Kentucky,0.429,0.449,1459409,1435868,3400898,3247300,0.025,21402,54107,16729,68431,,KY
2014,Louisiana,0.425,0.449,1503975,1472039,3541411,3349433,0.028,37881,40979,29619,90448,,LA
2014,Maine,0.576,0.587,616996,611255,1070535,1051557,0.017,0,0,0,0,,ME
2014,Maryland,0.377,0.420,1745104,1733177,4631815,4154546,0.087,20388,79539,11537,76467,,MD
2014,Massachusetts,0.406,0.447,2186789,2158326,5381878,4896296,0.087,10014,0,0,10014,,MA
2014,Michigan,0.414,0.432,3188956,3156531,7696494,7383958,0.036,42900,0,0,42900,,MI
2014,Minnesota,0.477,0.506,1992613,1981511,4179744,3935121,0.045,10003,97661,6642,71335,,MN
2014,Mississippi,0.280,0.290,,631858,2258047,2181131,0.017,18756,34398,9883,47902,,MS
2014,Missouri,0.323,0.336,1509025,1426303,4670553,4493722,0.025,31432,47303,18495,76417,,MO
2014,Montana,0.469,0.475,373831,369826,797527,787748,0.011,3681,0,0,3681,,MT
2014,Nebraska,0.390,0.414,552115,539891,1416500,1334453,0.051,5221,12940,1067,13534,,NE
2014,Nevada,0.253,0.296,552546,547349,2184884,1867644,0.125,12537,12027,5927,25199,,NV
2014,New Hampshire,0.466,0.483,495565,488159,1063539,1025862,0.031,2867,0,0,2867,,NH
2014,New Jersey,0.282,0.325,1955042,1869535,6940888,6014127,0.119,20255,115898,14889,100047,,NJ
2014,New Mexico,0.324,0.354,,512805,1582259,1449503,0.074,6879,16060,2255,18128,,NM
2014,New York,0.252,0.290,3930310,3819010,15569463,13553426,0.121,48376,0,44889,93265,,NY
2014,North Carolina,0.382,0.412,2939767,2915281,7689105,7143737,0.059,35726,90918,10025,96665,,NC
2014,North Dakota,0.445,0.450,255128,248670,573831,567221,0.022,1700,0,0,1700,,ND
2014,Ohio,0.351,0.362,3149876,3055913,8961449,8701243,0.024,51024,0,0,51024,,OH
2014,Oklahoma,0.282,0.300,825607,824831,2928877,2755091,0.046,27650,28568,2560,46208,,OK
2014,Oregon,0.494,0.534,1541782,1469717,3118999,2887517,0.067,15075,0,0,15075,,OR
2014,Pennsylvania,0.350,0.365,3535576,3495866,10092331,9689491,0.035,49643,0,0,49643,,PA
2014,Rhode Island,0.390,0.424,329212,324055,843570,776286,0.073,3294,0,0,3294,,RI
2014,South Carolina,0.335,0.352,1261611,1246301,3761320,3584461,0.034,20917,35096,5225,45796,,SC
2014,South Dakota,0.441,0.447,282291,279412,640622,630989,0.022,3528,0,2611,6139,,SD
2014,Tennessee,0.283,0.298,1430117,1374065,5061583,4799476,0.035,28495,62950,13498,77245,,TN
2014,Texas,0.237,0.283,,4727208,19958733,16675420,0.133,157361,388101,111412,486110,,TX
2014,Utah,0.282,0.303,577973,565970,2048506,1905801,0.068,6824,0,0,6824,,UT
2014,Vermont,0.402,0.408,202445,193087,504186,495884,0.022,0,0,0,0,,VT
2014,Virginia,0.339,0.368,2194346,2184473,6467462,5962456,0.069,36943,54966,1732,69456,,VA
2014,Washington,0.388,0.431,2124330,2029189,5479396,4928407,0.084,17345,94112,9880,79928,,WA
2014,West Virginia,0.316,0.320,462864,451498,1465232,1447652,0.009,6873,7174,2749,13639,,WV
2014,Wisconsin,0.544,0.569,2422248,2410314,4454970,4260427,0.031,22097,46212,20010,67986,,WI
2014,Wyoming,0.384,0.397,171153,168390,445626,431434,0.027,2330,5196,715,5955,,WY
2016,United States,0.555,0.601,138846571,136753936,250055734,230931921,0.083,1416810,2198907,506297,3176484,4739596,US
2016,Alabama,0.566,0.591,2134061,2123372,3770142,3609447,0.025,28680,52177,8562,66983,,AL
2016,Alaska,0.578,0.615,321271,318608,555367,522679,0.041,4317,6621,1812,9903,,AK
2016,Arizona,0.499,0.561,2661497,2604657,5331034,4740310,0.094,37582,77373,7500,89185,,AZ
2016,Arkansas,0.498,0.532,1137772,1130635,2286625,2140097,0.038,17242,30881,23792,58636,,AR
2016,California,0.484,0.582,14610509,14181595,30201571,25104844,0.164,130390,0,0,130390,,CA
2016,Colorado,0.664,0.719,2859216,2780247,4305728,3974405,0.070,18576,0,10186,28762,,CO
2016,Connecticut,0.594,0.649,1675955,1644920,2821935,2582761,0.078,14475,0,3379,17854,,CT
2016,Delaware,0.594,0.644,445228,443814,749872,691720,0.057,6254,15395,387,15416,,DE
2016,District of Columbia,0.556,0.607,312575,311268,562329,515248,0.084,0,0,0,0,,DC
2016,Florida,0.578,0.656,9580489,9420039,16565588,14601066,0.105,92847,214066,4566,219431,,FL
2016,Georgia,0.532,0.598,4165405,4114732,7828207,6959963,0.072,51092,410964,22386,307727,,GA
2016,Hawaii,0.391,0.432,437664,428937,1120465,1012860,0.091,5474,0,0,5474,,HI
2016,Idaho,0.567,0.609,710545,690255,1253925,1166706,0.044,7949,32409,5054,31476,,ID
2016,Illinois,0.574,0.631,5666118,5589631,9866799,8985443,0.085,42017,0,0,42017,,IL
2016,Indiana,0.555,0.579,2807676,2734958,5063393,4849937,0.037,24948,0,0,24948,,IN
2016,Iowa,0.657,0.691,1581371,1566031,2406915,2288536,0.036,8888,29254,6051,31614,,IA
2016,Kansas,0.559,0.597,1225667,1184402,2192423,2054025,0.052,9613,16654,4830,23936,,KS
2016,Kentucky,0.570,0.596,1955195,1924149,3430652,3282420,0.024,22868,48457,15383,65871,,KY
2016,Louisiana,0.574,0.606,2049531,2029032,3571652,3384435,0.027,35543,40174,30907,89349,,LA
2016,Maine,0.716,0.729,771892,747927,1078037,1058372,0.018,0,0,0,0,,ME
2016,Maryland,0.601,0.670,2807322,2781446,4670900,4189616,0.088,19382,72529,10305,71029,,MD
2016,Massachusetts,0.621,0.683,3378801,3325046,5442458,4948028,0.089,8780,0,0,8780,,MA
2016,Michigan,0.629,0.657,4874619,4799284,7744567,7420628,0.037,40502,0,0,40502,,MI
2016,Minnesota,0.700,0.747,2968281,2944813,4240423,3973204,0.046,10158,96852,7075,72439,,MN
2016,Mississippi,0.533,0.552,,1209357,2268089,2191241,0.014,19150,29067,8645,44363,,MS
2016,Missouri,0.597,0.622,2811549,2808605,4710784,4517925,0.025,31956,43799,17792,74713,,MO
2016,Montana,0.632,0.643,516901,497147,817702,804250,0.012,3795,0,0,3795,,MT
2016,Nebraska,0.599,0.640,860573,844227,1436437,1343821,0.055,5079,13489,1088,13856,,NE
2016,Nevada,0.494,0.574,1125429,1125385,2276281,1961587,0.126,13742,13724,5261,26826,,NV
2016,New Hampshire,0.702,0.725,755850,744296,1076739,1042795,0.029,2818,0,0,2818,,NH
2016,New Jersey,0.569,0.658,3957303,3874046,6959892,6013656,0.120,18504,140589,15128,113768,,NJ
2016,New Mexico,0.505,0.549,804043,798319,1591069,1464515,0.069,6914,12714,2780,16941,,NM
2016,New York,0.501,0.572,7786881,7721453,15557982,13604645,0.120,46416,0,44426,90842,,NY
2016,North Carolina,0.605,0.649,4769640,4741564,7880013,7352501,0.055,34357,82466,12726,94089,,NC
2016,North Dakota,0.602,0.617,349945,344360,581188,566783,0.022,1791,0,0,1791,,ND
2016,Ohio,0.623,0.642,5607641,5496487,9007953,8736808,0.024,51666,0,0,51666,,OH
2016,Oklahoma,0.490,0.523,,1452992,2965905,2778219,0.047,26691,33562,1895,47716,,OK
2016,Oregon,0.634,0.680,2056310,2001336,3244277,3024174,0.063,15166,0,0,15166,,OR
2016,Pennsylvania,0.610,0.636,,6165478,10108486,9691160,0.037,48098,0,0,48098,,PA
2016,Rhode Island,0.553,0.597,469589,464144,848975,786012,0.071,3038,0,0,3038,,RI
2016,South Carolina,0.547,0.573,2123584,2103027,3883145,3709283,0.034,20350,32634,4347,43298,,SC
2016,South Dakota,0.580,0.600,378995,370093,653841,631173,0.025,3744,0,2687,6431,,SD
2016,Tennessee,0.493,0.518,2545271,2508027,5164969,4909426,0.035,27906,62609,12092,75685,,TN
2016,Texas,0.434,0.514,8975000,8969226,20671564,17448910,0.133,155327,374285,111287,479956,,TX
2016,Utah,0.537,0.579,1152369,1131430,2144784,1991885,0.069,5846,0,0,5846,,UT
2016,Vermont,0.633,0.648,320467,315067,506048,494871,0.022,0,0,0,0,,VT
2016,Virginia,0.608,0.661,,3984631,6551390,6027152,0.069,36959,60821,1650,73277,,VA
2016,Washington,0.591,0.657,3363440,3317019,5691833,5123020,0.086,18335,89317,11322,80568,,WA
2016,West Virginia,0.492,0.502,,714423,1453201,1423031,0.011,7137,6523,3550,14405,,WV
2016,Wisconsin,0.662,0.695,,2976150,4495783,4285071,0.032,22889,44489,20401,68649,,WI
2016,Wyoming,0.580,0.602,258788,255849,446396,429682,0.024,2323,4666,842,5825,,WY
