StateFIPS,PUMA,CongressionalDistrict,StateAbbreviation,Population2010,PUMAWgt
1,100,4,AL,54428,0.37
1,100,5,AL,92709,0.63
1,200,5,AL,173632,1
1,300,5,AL,243961,1
1,400,4,AL,71309,0.574
1,400,5,AL,53027,0.426
1,500,4,AL,197909,1
1,600,4,AL,34339,0.223
1,600,5,AL,119490,0.777
1,700,4,AL,94285,0.738
1,700,7,AL,33509,0.262
1,800,3,AL,83593,0.402
1,800,4,AL,71915,0.346
1,800,6,AL,52430,0.252
1,901,6,AL,12693,0.142
1,901,7,AL,76932,0.858
1,902,6,AL,7,0
1,902,7,AL,100826,1
1,903,6,AL,158113,0.929
1,903,7,AL,12044,0.071
1,904,6,AL,129289,0.691
1,904,7,AL,57845,0.309
1,905,6,AL,57105,0.516
1,905,7,AL,53612,0.484
1,1000,4,AL,104430,1
1,1100,3,AL,158327,0.989
1,1100,4,AL,1774,0.011
1,1200,3,AL,118568,1
1,1300,6,AL,195085,1
1,1400,4,AL,52430,0.269
1,1400,7,AL,142226,0.731
1,1500,6,AL,22915,0.186
1,1500,7,AL,100242,0.814
1,1600,3,AL,75801,0.579
1,1600,6,AL,55182,0.421
1,1700,3,AL,140184,1
1,1800,2,AL,123425,0.624
1,1800,3,AL,74492,0.376
1,1900,2,AL,134646,0.658
1,1900,3,AL,19766,0.097
1,1900,7,AL,50235,0.245
1,2000,2,AL,145220,0.916
1,2000,3,AL,12088,0.076
1,2000,7,AL,1282,0.008
1,2100,1,AL,87563,0.565
1,2100,2,AL,13228,0.085
1,2100,7,AL,54067,0.349
1,2200,1,AL,190370,1
1,2300,1,AL,222622,1
1,2400,1,AL,182265,1
1,2500,2,AL,114499,1
1,2600,2,AL,151802,1
2,101,0,AK,132542,1
2,102,0,AK,159284,1
2,200,0,AK,144395,1
2,300,0,AK,172208,1
2,400,0,AK,101802,1
4,101,4,AZ,22193,0.154
4,101,8,AZ,122346,0.846
4,102,8,AZ,146208,1
4,103,4,AZ,79,0
4,103,6,AZ,129794,0.553
4,103,8,AZ,104917,0.447
4,104,6,AZ,203305,1
4,105,4,AZ,125,0.001
4,105,6,AZ,168699,0.963
4,105,8,AZ,6390,0.036
4,106,4,AZ,1122,0.011
4,106,6,AZ,69587,0.695
4,106,9,AZ,29453,0.294
4,107,6,AZ,121992,0.869
4,107,9,AZ,18327,0.131
4,108,8,AZ,113505,1
4,109,3,AZ,4277,0.025
4,109,7,AZ,96974,0.567
4,109,8,AZ,69803,0.408
4,110,1,AZ,2994,0.009
4,110,3,AZ,174428,0.515
4,110,4,AZ,13749,0.041
4,110,8,AZ,147249,0.435
4,111,3,AZ,44771,0.246
4,111,6,AZ,11254,0.062
4,111,7,AZ,125840,0.692
4,112,6,AZ,5400,0.035
4,112,7,AZ,71101,0.457
4,112,9,AZ,79061,0.508
4,113,7,AZ,24671,0.25
4,113,9,AZ,74022,0.75
4,114,5,AZ,181064,0.917
4,114,9,AZ,16427,0.083
4,115,5,AZ,16415,0.115
4,115,9,AZ,126639,0.885
4,116,7,AZ,5523,0.033
4,116,9,AZ,160464,0.967
4,117,7,AZ,138735,1
4,118,3,AZ,2258,0.013
4,118,7,AZ,168253,0.987
4,119,7,AZ,79127,0.506
4,119,9,AZ,77105,0.494
4,120,5,AZ,123837,0.49
4,120,9,AZ,128651,0.51
4,121,5,AZ,245716,1
4,121,9,AZ,75,0
4,122,5,AZ,143192,1
4,201,2,AZ,10640,0.076
4,201,3,AZ,129160,0.924
4,202,2,AZ,102992,0.989
4,202,3,AZ,1165,0.011
4,203,1,AZ,1723,0.017
4,203,2,AZ,102611,0.983
4,204,2,AZ,124498,0.89
4,204,3,AZ,15318,0.11
4,205,1,AZ,64648,0.538
4,205,2,AZ,55619,0.462
4,206,2,AZ,137825,0.915
4,206,3,AZ,12754,0.085
4,207,1,AZ,25720,0.116
4,207,2,AZ,44680,0.202
4,207,3,AZ,150910,0.682
4,300,1,AZ,178967,1
4,400,1,AZ,134421,1
4,500,1,AZ,30521,0.145
4,500,4,AZ,180512,0.855
4,600,1,AZ,1635,0.007
4,600,4,AZ,219040,0.993
4,700,3,AZ,127231,0.65
4,700,4,AZ,68520,0.35
4,800,1,AZ,223907,0.521
4,800,3,AZ,545,0.001
4,800,4,AZ,204915,0.477
4,900,1,AZ,45657,0.203
4,900,2,AZ,131346,0.585
4,900,3,AZ,47420,0.211
5,100,3,AR,221432,1
5,200,3,AR,202972,1
5,300,1,AR,49158,0.318
5,300,3,AR,85623,0.553
5,300,4,AR,19976,0.129
5,400,1,AR,118216,0.872
5,400,2,AR,17293,0.128
5,500,1,AR,190000,1
5,600,1,AR,97382,1
5,700,1,AR,102892,1
5,800,1,AR,42121,0.353
5,800,2,AR,77076,0.647
5,900,2,AR,192506,1
5,1000,2,AR,190242,1
5,1100,1,AR,68356,0.237
5,1100,2,AR,220355,0.763
5,1200,2,AR,31720,0.225
5,1200,3,AR,61754,0.437
5,1200,4,AR,47725,0.338
5,1300,3,AR,157155,0.837
5,1300,4,AR,30537,0.163
5,1400,4,AR,103216,1
5,1500,4,AR,161433,1
5,1600,1,AR,21698,0.19
5,1600,4,AR,92609,0.81
5,1700,1,AR,38942,0.391
5,1700,4,AR,60559,0.609
5,1800,4,AR,105795,1
5,1900,4,AR,107175,1
6,100,1,CA,89481,0.758
6,100,2,CA,28610,0.242
6,200,2,CA,134623,1
6,300,1,CA,177223,1
6,400,2,CA,87841,0.576
6,400,3,CA,33614,0.22
6,400,5,CA,31051,0.204
6,500,1,CA,65784,0.519
6,500,2,CA,13786,0.109
6,500,3,CA,47220,0.372
6,600,1,CA,220000,1
6,600,3,CA,6,0
6,700,1,CA,105625,0.866
6,700,4,CA,16386,0.134
6,800,3,CA,166886,1
6,900,3,CA,152105,0.757
6,900,6,CA,48744,0.243
6,1000,5,CA,136484,1
6,1101,2,CA,123359,0.689
6,1101,5,CA,55724,0.311
6,1102,2,CA,62274,0.518
6,1102,5,CA,57879,0.482
6,1103,2,CA,3,0
6,1103,5,CA,184639,1
6,1201,2,CA,104847,1
6,1202,2,CA,147562,1
6,1301,5,CA,144838,1
6,1302,3,CA,137493,0.99
6,1302,5,CA,1322,0.01
6,1303,3,CA,129691,1
6,1401,6,CA,186984,1
6,1402,6,CA,105195,1
6,1402,7,CA,13,0
6,1403,3,CA,28,0
6,1403,6,CA,174273,1
6,1501,3,CA,27055,0.189
6,1501,6,CA,115764,0.809
6,1501,7,CA,192,0.001
6,1502,6,CA,825,0.008
6,1502,7,CA,104254,0.992
6,1503,7,CA,168306,1
6,1504,6,CA,36883,0.222
6,1504,7,CA,128942,0.778
6,1505,3,CA,2,0
6,1505,6,CA,34194,0.186
6,1505,7,CA,149275,0.814
6,1506,3,CA,8836,0.048
6,1506,7,CA,150979,0.813
6,1506,9,CA,25832,0.139
6,1601,1,CA,44792,0.24
6,1601,4,CA,141660,0.76
6,1602,4,CA,161980,1
6,1700,4,CA,181058,0.995
6,1700,7,CA,956,0.005
6,1800,4,CA,158460,0.829
6,1800,8,CA,32748,0.171
6,1901,9,CA,124458,1
6,1902,9,CA,156231,1
6,2001,9,CA,34636,0.161
6,2001,10,CA,180373,0.839
6,2002,9,CA,181529,0.957
6,2002,10,CA,8079,0.043
6,2101,11,CA,130739,1
6,2102,5,CA,64448,0.536
6,2102,11,CA,55711,0.464
6,2103,5,CA,26520,0.246
6,2103,11,CA,81267,0.754
6,2104,11,CA,148894,1
6,2105,11,CA,67225,0.473
6,2105,15,CA,74933,0.527
6,2106,9,CA,17353,0.133
6,2106,11,CA,112955,0.867
6,2107,9,CA,4166,0.038
6,2107,11,CA,105930,0.962
6,2108,9,CA,158699,0.999
6,2108,11,CA,185,0.001
6,2201,12,CA,136936,1
6,2202,12,CA,107027,1
6,2203,12,CA,129066,1
6,2204,12,CA,106640,1
6,2205,12,CA,102450,0.973
6,2205,14,CA,2886,0.027
6,2206,12,CA,24680,0.223
6,2206,14,CA,86150,0.777
6,2207,12,CA,96106,0.878
6,2207,14,CA,13294,0.122
6,2301,14,CA,137233,1
6,2302,14,CA,117476,1
6,2303,14,CA,104209,1
6,2304,14,CA,115076,0.97
6,2304,18,CA,3574,0.03
6,2305,14,CA,86360,0.678
6,2305,18,CA,40956,0.322
6,2306,14,CA,40221,0.354
6,2306,18,CA,73346,0.646
6,2401,13,CA,131119,1
6,2402,13,CA,158091,1
6,2403,13,CA,125220,1
6,2404,13,CA,124572,1
6,2405,13,CA,162232,0.992
6,2405,15,CA,1338,0.008
6,2406,13,CA,1672,0.012
6,2406,15,CA,133089,0.988
6,2407,15,CA,145655,1
6,2408,15,CA,90482,0.668
6,2408,17,CA,44920,0.332
6,2409,15,CA,55291,0.291
6,2409,17,CA,134473,0.709
6,2410,15,CA,202116,1
6,2410,17,CA,1,0
6,2500,10,CA,201896,1
6,2601,10,CA,165263,1
6,2602,10,CA,147294,1
6,2701,17,CA,1071,0.005
6,2701,18,CA,194249,0.995
6,2702,17,CA,144475,1
6,2703,17,CA,126237,0.981
6,2703,18,CA,429,0.003
6,2703,19,CA,2012,0.016
6,2704,17,CA,128989,1
6,2705,17,CA,27705,0.261
6,2705,19,CA,78335,0.739
6,2706,19,CA,94948,0.829
6,2706,20,CA,19525,0.171
6,2707,17,CA,62601,0.471
6,2707,18,CA,70325,0.529
6,2708,17,CA,17686,0.136
6,2708,18,CA,112606,0.864
6,2708,19,CA,24,0
6,2709,18,CA,20949,0.172
6,2709,19,CA,100855,0.828
6,2710,18,CA,32549,0.207
6,2710,19,CA,124762,0.793
6,2711,18,CA,56841,0.548
6,2711,19,CA,46925,0.452
6,2712,18,CA,47752,0.453
6,2712,19,CA,57560,0.547
6,2713,19,CA,116147,1
6,2714,17,CA,14749,0.153
6,2714,19,CA,81336,0.847
6,2801,18,CA,82,0.001
6,2801,20,CA,126830,0.999
6,2802,18,CA,49245,0.364
6,2802,20,CA,86225,0.636
6,2900,20,CA,148111,1
6,3001,20,CA,122923,1
6,3002,20,CA,199292,1
6,3100,16,CA,255366,1
6,3200,4,CA,28450,0.189
6,3200,16,CA,122415,0.811
6,3301,16,CA,276046,0.841
6,3301,22,CA,52107,0.159
6,3302,16,CA,5705,0.038
6,3302,22,CA,144508,0.962
6,3401,16,CA,21013,0.129
6,3401,21,CA,141862,0.871
6,3402,4,CA,14912,0.051
6,3402,16,CA,22359,0.077
6,3402,21,CA,59587,0.206
6,3402,22,CA,192778,0.666
6,3501,22,CA,135978,1
6,3502,22,CA,70090,0.488
6,3502,23,CA,73544,0.512
6,3503,21,CA,34755,0.214
6,3503,22,CA,107444,0.661
6,3503,23,CA,20368,0.125
6,3600,21,CA,152982,1
6,3701,24,CA,129190,1
6,3702,24,CA,140447,1
6,3800,21,CA,80015,0.243
6,3800,23,CA,249835,0.757
6,3901,21,CA,124161,0.804
6,3901,23,CA,30229,0.196
6,3902,21,CA,41670,0.241
6,3902,23,CA,131164,0.759
6,3903,21,CA,67872,0.372
6,3903,23,CA,114668,0.628
6,4000,35,CA,163924,1
6,4100,31,CA,161094,1
6,4200,31,CA,19729,0.112
6,4200,35,CA,156052,0.888
6,4300,8,CA,107,0.001
6,4300,31,CA,206628,0.999
6,4401,35,CA,89014,0.541
6,4401,39,CA,75420,0.459
6,4402,27,CA,32765,0.285
6,4402,31,CA,44265,0.384
6,4402,35,CA,38128,0.331
6,4403,31,CA,118600,0.526
6,4403,35,CA,106729,0.474
6,4404,8,CA,109591,0.499
6,4404,31,CA,110113,0.501
6,4405,8,CA,174475,1
6,4406,8,CA,220393,0.838
6,4406,27,CA,118,0
6,4406,31,CA,42480,0.162
6,4407,8,CA,165544,1
6,4500,23,CA,67504,0.431
6,4500,25,CA,89081,0.569
6,4600,25,CA,151935,1
6,4700,25,CA,164698,1
6,4800,28,CA,79599,0.77
6,4800,30,CA,23726,0.23
6,4900,28,CA,191757,1
6,5000,27,CA,126144,0.919
6,5000,28,CA,11099,0.081
6,5100,27,CA,7,0
6,5100,32,CA,113480,1
6,5200,27,CA,57,0
6,5200,35,CA,149058,1
6,5300,27,CA,3,0
6,5300,34,CA,26084,0.209
6,5300,38,CA,7,0
6,5300,40,CA,98810,0.791
6,5401,25,CA,14558,0.083
6,5401,29,CA,3512,0.02
6,5401,30,CA,156718,0.897
6,5402,25,CA,61,0
6,5402,29,CA,89144,0.643
6,5402,30,CA,49450,0.357
6,5403,29,CA,127853,1
6,5404,28,CA,57769,0.424
6,5404,29,CA,78617,0.576
6,5405,29,CA,134858,1
6,5406,29,CA,111385,0.835
6,5406,30,CA,22068,0.165
6,5407,29,CA,127786,0.797
6,5407,30,CA,32536,0.203
6,5408,29,CA,5354,0.031
6,5408,30,CA,166311,0.969
6,5409,30,CA,159269,0.999
6,5409,33,CA,150,0.001
6,5410,28,CA,3448,0.021
6,5410,30,CA,85111,0.518
6,5410,33,CA,75884,0.461
6,5411,33,CA,40488,0.203
6,5411,37,CA,159053,0.797
6,5412,33,CA,47721,0.29
6,5412,34,CA,28514,0.174
6,5412,37,CA,88103,0.536
6,5413,28,CA,201197,0.916
6,5413,33,CA,1407,0.006
6,5413,34,CA,16962,0.077
6,5414,34,CA,112679,1
6,5415,28,CA,65597,0.345
6,5415,34,CA,124181,0.653
6,5415,37,CA,254,0.001
6,5416,27,CA,3,0
6,5416,28,CA,17119,0.077
6,5416,34,CA,205421,0.923
6,5417,34,CA,159642,0.972
6,5417,37,CA,2440,0.015
6,5417,40,CA,2154,0.013
6,5418,34,CA,29421,0.27
6,5418,37,CA,79617,0.73
6,5419,37,CA,158277,1
6,5420,33,CA,35661,0.295
6,5420,37,CA,31760,0.263
6,5420,43,CA,53545,0.443
6,5421,37,CA,119969,0.704
6,5421,40,CA,3451,0.02
6,5421,43,CA,46872,0.275
6,5421,44,CA,71,0
6,5422,37,CA,6437,0.051
6,5422,40,CA,119709,0.949
6,5423,40,CA,32460,0.22
6,5423,43,CA,68636,0.465
6,5423,44,CA,46488,0.315
6,5424,33,CA,28154,0.151
6,5424,43,CA,38486,0.207
6,5424,44,CA,119644,0.642
6,5500,37,CA,286,0.003
6,5500,43,CA,109396,0.997
6,5600,33,CA,61598,0.424
6,5600,43,CA,83798,0.576
6,5701,44,CA,83401,0.589
6,5701,47,CA,58297,0.411
6,5702,47,CA,191719,1
6,5703,47,CA,128725,1
6,5800,32,CA,106230,1
6,5800,39,CA,7,0
6,5900,40,CA,111726,1
6,6000,38,CA,105594,1
6,6101,8,CA,43,0
6,6101,23,CA,15592,0.085
6,6101,25,CA,165307,0.899
6,6101,27,CA,988,0.005
6,6101,28,CA,1040,0.006
6,6101,29,CA,751,0.004
6,6101,32,CA,119,0.001
6,6102,27,CA,58997,0.409
6,6102,28,CA,39872,0.277
6,6102,32,CA,45243,0.314
6,6103,27,CA,108741,1
6,6104,27,CA,178954,1
6,6105,27,CA,2269,0.014
6,6105,32,CA,159107,0.986
6,6106,27,CA,71790,0.441
6,6106,32,CA,90988,0.559
6,6107,32,CA,86554,0.739
6,6107,39,CA,30569,0.261
6,6108,32,CA,175,0.002
6,6108,39,CA,108489,0.998
6,6109,32,CA,101008,0.807
6,6109,38,CA,24170,0.193
6,6109,39,CA,33,0
6,6110,32,CA,1,0
6,6110,38,CA,113410,0.669
6,6110,39,CA,56107,0.331
6,6111,27,CA,1413,0.011
6,6111,38,CA,126727,0.989
6,6111,40,CA,16,0
6,6112,27,CA,120656,0.983
6,6112,38,CA,501,0.004
6,6112,40,CA,1599,0.013
6,6113,40,CA,141403,1
6,6114,40,CA,101631,0.739
6,6114,44,CA,35950,0.261
6,6115,40,CA,241,0.001
6,6115,44,CA,167279,0.999
6,6116,38,CA,41166,0.315
6,6116,40,CA,89704,0.685
6,6116,44,CA,2,0
6,6117,38,CA,133068,1
6,6117,39,CA,39,0
6,6118,38,CA,142695,0.882
6,6118,44,CA,14,0
6,6118,47,CA,19071,0.118
6,6119,44,CA,156829,1
6,6120,43,CA,21699,0.192
6,6120,44,CA,91178,0.808
6,6121,33,CA,67012,0.641
6,6121,43,CA,20256,0.194
6,6121,44,CA,2048,0.02
6,6121,47,CA,15195,0.145
6,6122,33,CA,138045,1
6,6123,43,CA,142879,1
6,6124,43,CA,117334,1
6,6125,28,CA,34407,0.154
6,6125,33,CA,132701,0.593
6,6125,37,CA,56708,0.253
6,6125,43,CA,3,0
6,6126,25,CA,2,0
6,6126,26,CA,8270,0.074
6,6126,29,CA,23645,0.212
6,6126,30,CA,5666,0.051
6,6126,33,CA,74083,0.663
6,6200,26,CA,191453,1
6,6300,24,CA,7982,0.076
6,6300,26,CA,96594,0.924
6,6400,25,CA,113419,0.919
6,6400,26,CA,10004,0.081
6,6500,26,CA,126639,1
6,6601,24,CA,1393,0.01
6,6601,26,CA,133308,0.99
6,6602,25,CA,3843,0.027
6,6602,26,CA,136637,0.959
6,6602,30,CA,2049,0.014
6,6701,24,CA,221728,1
6,6702,24,CA,202164,1
6,6801,46,CA,192718,1
6,6801,47,CA,6,0
6,6802,39,CA,16173,0.114
6,6802,45,CA,39816,0.28
6,6802,46,CA,86440,0.607
6,6900,46,CA,1,0
6,6900,48,CA,109716,1
6,7000,39,CA,134345,1
6,7000,46,CA,1,0
6,7100,46,CA,48545,0.283
6,7100,47,CA,102299,0.596
6,7100,48,CA,20699,0.121
6,7200,48,CA,189810,1
6,7300,45,CA,198828,1
6,7400,45,CA,55770,0.411
6,7400,46,CA,79922,0.589
6,7501,46,CA,111956,0.738
6,7501,48,CA,39713,0.262
6,7502,46,CA,172859,1
6,7601,45,CA,25,0
6,7601,48,CA,62960,0.361
6,7601,49,CA,111252,0.639
6,7602,45,CA,153843,0.747
6,7602,49,CA,52110,0.253
6,7603,39,CA,46,0
6,7603,45,CA,208113,0.996
6,7603,46,CA,868,0.004
6,7604,39,CA,219598,1
6,7605,38,CA,15570,0.081
6,7605,39,CA,62079,0.323
6,7605,47,CA,89456,0.465
6,7605,48,CA,25345,0.132
6,7606,46,CA,9632,0.047
6,7606,47,CA,98073,0.48
6,7606,48,CA,96634,0.473
6,7607,45,CA,46526,0.227
6,7607,48,CA,158039,0.771
6,7607,49,CA,396,0.002
6,7700,42,CA,148728,1
6,7801,41,CA,127238,1
6,7802,41,CA,170481,1
6,7900,41,CA,193096,1
6,8001,41,CA,206075,0.456
6,8001,42,CA,246159,0.544
6,8002,36,CA,32,0
6,8002,41,CA,3220,0.009
6,8002,42,CA,289711,0.775
6,8002,50,CA,80922,0.216
6,8003,36,CA,242727,0.924
6,8003,41,CA,2857,0.011
6,8003,42,CA,17045,0.065
6,8004,36,CA,235302,0.995
6,8004,42,CA,1204,0.005
6,8005,36,CA,224844,1
6,8101,51,CA,36661,0.145
6,8101,52,CA,117870,0.466
6,8101,53,CA,98674,0.39
6,8102,51,CA,134914,1
6,8102,52,CA,1,0
6,8103,50,CA,143954,0.883
6,8103,51,CA,15420,0.095
6,8103,52,CA,101,0.001
6,8103,53,CA,3627,0.022
6,8104,51,CA,117334,0.468
6,8104,53,CA,133220,0.532
6,8105,51,CA,134895,0.63
6,8105,53,CA,79228,0.37
6,8106,50,CA,15075,0.136
6,8106,53,CA,95703,0.864
6,8107,51,CA,89154,0.547
6,8107,53,CA,73875,0.453
6,8108,50,CA,124178,0.529
6,8108,53,CA,110748,0.471
6,8109,52,CA,132377,0.551
6,8109,53,CA,107829,0.449
6,8110,49,CA,8607,0.062
6,8110,52,CA,129495,0.938
6,8111,49,CA,10767,0.066
6,8111,52,CA,152363,0.934
6,8112,49,CA,21101,0.11
6,8112,50,CA,1169,0.006
6,8112,52,CA,170050,0.884
6,8113,49,CA,203113,0.977
6,8113,50,CA,4294,0.021
6,8113,52,CA,467,0.002
6,8114,49,CA,1108,0.006
6,8114,50,CA,192532,0.993
6,8114,52,CA,180,0.001
6,8115,49,CA,97286,0.409
6,8115,50,CA,140771,0.591
6,8116,49,CA,197164,1
6,8116,50,CA,8,0
6,8200,51,CA,174528,1
8,101,2,CO,13322,0.112
8,101,3,CO,105177,0.888
8,102,2,CO,151093,1
8,103,3,CO,143299,1
8,200,2,CO,135215,1
8,300,2,CO,66,0
8,300,4,CO,252825,1
8,400,4,CO,137476,1
8,501,3,CO,60259,0.612
8,501,4,CO,38126,0.388
8,502,3,CO,150830,1
8,600,3,CO,171303,1
8,700,2,CO,57473,0.408
8,700,3,CO,83334,0.592
8,801,2,CO,80775,0.702
8,801,7,CO,34218,0.298
8,802,2,CO,43434,0.329
8,802,4,CO,88454,0.671
8,803,2,CO,109032,1
8,804,2,CO,87773,0.696
8,804,6,CO,4857,0.039
8,804,7,CO,33421,0.265
8,805,2,CO,4668,0.04
8,805,7,CO,113239,0.96
8,806,6,CO,10981,0.081
8,806,7,CO,124723,0.919
8,807,6,CO,48242,0.318
8,807,7,CO,103420,0.682
8,808,4,CO,14386,0.08
8,808,6,CO,166302,0.92
8,809,6,CO,112827,1
8,810,6,CO,112878,1
8,811,1,CO,6544,0.059
8,811,6,CO,103678,0.941
8,812,1,CO,154878,1
8,813,1,CO,96437,1
8,814,1,CO,102044,1
8,815,1,CO,134288,0.872
8,815,6,CO,19729,0.128
8,816,1,CO,119184,1
8,817,7,CO,109709,1
8,818,7,CO,95572,1
8,819,1,CO,15757,0.114
8,819,2,CO,20206,0.146
8,819,7,CO,102395,0.74
8,820,1,CO,61576,0.592
8,820,6,CO,40680,0.391
8,820,7,CO,1740,0.017
8,821,1,CO,27749,0.202
8,821,2,CO,7430,0.054
8,821,4,CO,21759,0.158
8,821,6,CO,80373,0.585
8,822,4,CO,165424,0.902
8,822,6,CO,17909,0.098
8,901,5,CO,155085,1
8,902,5,CO,100341,1
8,903,5,CO,99670,1
8,904,5,CO,157646,1
8,905,5,CO,109521,1
8,1000,2,CO,7995,0.074
8,1000,3,CO,4255,0.039
8,1000,5,CO,96194,0.887
9,100,1,CT,38914,0.205
9,100,5,CT,151013,0.795
9,200,1,CT,96955,0.616
9,200,2,CT,60389,0.384
9,300,1,CT,109493,1
9,400,1,CT,83756,0.52
9,400,5,CT,77241,0.48
9,500,1,CT,103546,0.918
9,500,5,CT,9301,0.082
9,600,1,CT,19865,0.179
9,600,5,CT,90922,0.821
9,700,1,CT,109486,0.93
9,700,2,CT,8285,0.07
9,800,1,CT,124775,1
9,900,2,CT,152691,1
9,1000,2,CT,118428,1
9,1100,2,CT,139090,1
9,1200,2,CT,134965,1
9,1300,1,CT,28030,0.169
9,1300,2,CT,82702,0.499
9,1300,3,CT,54944,0.332
9,1400,3,CT,47316,0.355
9,1400,4,CT,12683,0.095
9,1400,5,CT,73391,0.55
9,1500,3,CT,69228,0.532
9,1500,5,CT,60897,0.468
9,1600,3,CT,124204,1
9,1700,3,CT,122279,1
9,1800,2,CT,18269,0.163
9,1800,3,CT,94065,0.837
9,1900,3,CT,19262,0.175
9,1900,5,CT,91104,0.825
9,2000,3,CT,129779,1
9,2100,4,CT,33796,0.174
9,2100,5,CT,160951,0.826
9,2200,3,CT,53742,0.252
9,2200,4,CT,159592,0.748
9,2300,4,CT,241876,1
9,2400,4,CT,144229,1
9,2500,4,CT,122643,1
10,101,0,DE,147691,1
10,102,0,DE,127293,1
10,103,0,DE,122898,1
10,104,0,DE,140597,1
10,200,0,DE,162310,1
10,300,0,DE,197145,1
11,101,98,DC,106024,1
11,102,98,DC,107613,1
11,103,98,DC,123834,1
11,104,98,DC,140006,1
11,105,98,DC,124246,1
12,101,1,FL,187227,1
12,102,1,FL,110392,1
12,200,1,FL,151372,1
12,300,1,FL,180822,1
12,400,1,FL,66532,0.445
12,400,2,FL,83080,0.555
12,500,2,FL,168852,1
12,600,2,FL,104901,0.762
12,600,5,FL,32832,0.238
12,701,2,FL,77859,0.409
12,701,5,FL,112375,0.591
12,702,2,FL,38306,0.291
12,702,5,FL,93336,0.709
12,800,2,FL,124583,0.894
12,800,5,FL,14799,0.106
12,900,2,FL,54709,0.394
12,900,3,FL,44055,0.318
12,900,5,FL,39937,0.288
12,1001,3,FL,112893,1
12,1002,3,FL,134443,1
12,1101,4,FL,118964,0.793
12,1101,5,FL,31022,0.207
12,1102,4,FL,10170,0.081
12,1102,5,FL,115820,0.919
12,1103,4,FL,24529,0.233
12,1103,5,FL,80923,0.767
12,1104,4,FL,124399,0.945
12,1104,5,FL,7275,0.055
12,1105,4,FL,147070,0.994
12,1105,5,FL,925,0.006
12,1106,4,FL,80843,0.84
12,1106,5,FL,15362,0.16
12,1107,4,FL,28536,0.158
12,1107,5,FL,151739,0.842
12,1200,4,FL,161834,0.852
12,1200,6,FL,28205,0.148
12,1300,3,FL,190865,1
12,1400,3,FL,74364,0.437
12,1400,6,FL,95696,0.563
12,1501,2,FL,7544,0.063
12,1501,3,FL,108248,0.899
12,1501,11,FL,4556,0.038
12,1502,2,FL,36511,0.173
12,1502,3,FL,31477,0.149
12,1502,11,FL,142962,0.678
12,1600,11,FL,234654,1
12,1700,11,FL,172780,1
12,1801,11,FL,93020,0.545
12,1801,15,FL,77809,0.455
12,1802,6,FL,77851,0.617
12,1802,11,FL,48372,0.383
12,1901,6,FL,242298,1
12,1902,6,FL,118838,1
12,1903,6,FL,133457,1
12,2001,7,FL,168149,1
12,2002,7,FL,143139,1
12,2003,7,FL,111419,1
12,2101,8,FL,183425,1
12,2102,8,FL,115850,1
12,2103,8,FL,116714,1
12,2104,8,FL,127387,1
12,2201,10,FL,126654,1
12,2202,10,FL,263807,1
12,2203,7,FL,11623,0.069
12,2203,9,FL,19945,0.118
12,2203,10,FL,136797,0.813
12,2204,7,FL,25597,0.176
12,2204,10,FL,119805,0.824
12,2205,7,FL,63915,0.595
12,2205,10,FL,43531,0.405
12,2206,7,FL,122193,0.821
12,2206,9,FL,20906,0.14
12,2206,10,FL,5751,0.039
12,2207,7,FL,50310,0.271
12,2207,8,FL,14940,0.081
12,2207,9,FL,120193,0.648
12,2300,9,FL,268685,1
12,2401,15,FL,173680,1
12,2402,9,FL,129097,0.815
12,2402,15,FL,29302,0.185
12,2403,9,FL,97155,0.709
12,2403,17,FL,39846,0.291
12,2404,9,FL,40363,0.303
12,2404,15,FL,51795,0.389
12,2404,17,FL,40857,0.307
12,2501,12,FL,193189,1
12,2502,12,FL,157960,1
12,2503,12,FL,113548,1
12,2601,12,FL,122992,1
12,2602,12,FL,95120,0.937
12,2602,13,FL,6426,0.063
12,2603,12,FL,2085,0.019
12,2603,13,FL,110368,0.981
12,2604,13,FL,111508,1
12,2605,13,FL,113999,1
12,2606,13,FL,112679,1
12,2607,13,FL,119537,1
12,2608,13,FL,121828,1
12,2701,14,FL,139898,1
12,2702,14,FL,156280,1
12,2703,12,FL,7167,0.049
12,2703,14,FL,140547,0.951
12,2704,12,FL,4284,0.028
12,2704,14,FL,150365,0.972
12,2705,14,FL,101216,0.691
12,2705,15,FL,45200,0.309
12,2706,15,FL,125158,1
12,2707,14,FL,7385,0.041
12,2707,15,FL,160854,0.902
12,2707,16,FL,10036,0.056
12,2708,14,FL,654,0.004
12,2708,15,FL,32547,0.18
12,2708,16,FL,147635,0.816
12,2801,16,FL,136698,1
12,2802,16,FL,186135,1
12,2901,16,FL,179181,1
12,2902,16,FL,36660,0.183
12,2902,17,FL,163607,0.817
12,3000,17,FL,159978,1
12,3100,17,FL,174263,0.817
12,3100,25,FL,39140,0.183
12,3200,8,FL,138028,0.775
12,3200,17,FL,39996,0.225
12,3300,18,FL,277789,1
12,3400,18,FL,146318,1
12,3501,18,FL,170285,0.787
12,3501,20,FL,44824,0.207
12,3501,21,FL,1144,0.005
12,3502,18,FL,27030,0.19
12,3502,20,FL,78725,0.552
12,3502,21,FL,36763,0.258
12,3503,20,FL,39628,0.319
12,3503,21,FL,84576,0.681
12,3504,21,FL,125432,1
12,3505,21,FL,149189,1
12,3506,21,FL,114816,1
12,3507,21,FL,2688,0.025
12,3507,22,FL,104016,0.975
12,3508,21,FL,85306,0.822
12,3508,22,FL,18421,0.178
12,3509,18,FL,74922,0.316
12,3509,20,FL,65938,0.278
12,3509,21,FL,96431,0.406
12,3601,22,FL,144189,1
12,3602,20,FL,9450,0.081
12,3602,22,FL,107659,0.919
12,3603,20,FL,5829,0.056
12,3603,22,FL,97382,0.944
12,3604,20,FL,28707,0.259
12,3604,22,FL,82191,0.741
12,3605,20,FL,43944,0.319
12,3605,22,FL,93610,0.681
12,3606,20,FL,136900,0.769
12,3606,22,FL,41114,0.231
12,3607,20,FL,98806,0.924
12,3607,23,FL,8107,0.076
12,3608,20,FL,21532,0.149
12,3608,22,FL,7125,0.049
12,3608,23,FL,116306,0.802
12,3609,22,FL,638,0.005
12,3609,23,FL,119942,0.994
12,3609,24,FL,129,0.001
12,3610,20,FL,20,0
12,3610,23,FL,160125,1
12,3611,23,FL,140908,1
12,3612,20,FL,122041,0.788
12,3612,23,FL,12488,0.081
12,3612,24,FL,20258,0.131
12,3613,23,FL,66985,0.521
12,3613,24,FL,61681,0.479
12,3701,19,FL,115023,0.837
12,3701,25,FL,22469,0.163
12,3702,19,FL,40366,0.219
12,3702,25,FL,143662,0.781
12,3800,19,FL,153578,1
12,3901,19,FL,160350,1
12,3902,17,FL,77798,0.437
12,3902,19,FL,100392,0.563
12,3903,19,FL,126636,1
12,4001,23,FL,52628,0.437
12,4001,24,FL,67680,0.563
12,4002,24,FL,108235,1
12,4003,24,FL,38284,0.286
12,4003,25,FL,95774,0.714
12,4004,25,FL,114007,1
12,4005,24,FL,31006,0.226
12,4005,25,FL,106095,0.774
12,4006,24,FL,97008,0.953
12,4006,25,FL,4784,0.047
12,4007,23,FL,18856,0.144
12,4007,24,FL,111970,0.856
12,4008,24,FL,31387,0.248
12,4008,27,FL,95048,0.752
12,4009,24,FL,98986,0.981
12,4009,27,FL,1893,0.019
12,4010,24,FL,29721,0.214
12,4010,27,FL,109458,0.786
12,4011,25,FL,6160,0.036
12,4011,27,FL,163004,0.964
12,4012,25,FL,164254,1
12,4013,26,FL,113970,0.895
12,4013,27,FL,13338,0.105
12,4014,27,FL,117007,1
12,4015,26,FL,8487,0.067
12,4015,27,FL,118610,0.933
12,4016,26,FL,116153,1
12,4017,26,FL,137593,1
12,4017,27,FL,2,0
12,4018,26,FL,34647,0.315
12,4018,27,FL,75503,0.685
12,4019,26,FL,168772,0.986
12,4019,27,FL,2482,0.014
12,4020,26,FL,116723,1
13,100,14,GA,149479,1
13,200,14,GA,197265,1
13,300,9,GA,200243,1
13,400,9,GA,152352,1
13,500,9,GA,45298,0.255
13,500,10,GA,132366,0.745
13,600,9,GA,179646,1
13,700,11,GA,100157,0.413
13,700,13,GA,105,0
13,700,14,GA,142266,0.587
13,800,7,GA,122706,0.54
13,800,9,GA,94270,0.415
13,800,11,GA,4,0
13,800,14,GA,10319,0.045
13,900,10,GA,153135,1
13,1000,2,GA,12630,0.1
13,1000,3,GA,63342,0.502
13,1000,8,GA,26424,0.209
13,1000,10,GA,23808,0.189
13,1101,6,GA,155461,1
13,1102,6,GA,179904,0.925
13,1102,11,GA,14555,0.075
13,1103,5,GA,101195,0.801
13,1103,11,GA,25106,0.199
13,1104,5,GA,113352,1
13,1105,5,GA,77717,0.942
13,1105,13,GA,4809,0.058
13,1106,5,GA,83229,1
13,1107,5,GA,53623,0.324
13,1107,13,GA,111689,0.676
13,1201,4,GA,37055,0.319
13,1201,5,GA,75644,0.651
13,1201,6,GA,3419,0.029
13,1202,5,GA,8497,0.062
13,1202,6,GA,129278,0.938
13,1203,4,GA,59247,0.567
13,1203,6,GA,45220,0.433
13,1204,4,GA,42530,0.469
13,1204,5,GA,48231,0.531
13,1205,4,GA,105458,0.795
13,1205,5,GA,27224,0.205
13,1206,4,GA,109985,1
13,1301,6,GA,42731,0.367
13,1301,11,GA,73468,0.632
13,1301,13,GA,120,0.001
13,1302,6,GA,114387,1
13,1303,6,GA,21529,0.187
13,1303,11,GA,71603,0.622
13,1303,13,GA,22002,0.191
13,1304,11,GA,14449,0.114
13,1304,13,GA,112044,0.886
13,1305,11,GA,178291,0.826
13,1305,13,GA,37454,0.174
13,1305,14,GA,52,0
13,1401,5,GA,93544,0.749
13,1401,13,GA,31381,0.251
13,1402,5,GA,9720,0.072
13,1402,13,GA,124779,0.928
13,1501,7,GA,142726,1
13,1502,7,GA,187293,0.762
13,1502,10,GA,58558,0.238
13,1503,4,GA,82963,0.558
13,1503,7,GA,62132,0.418
13,1503,10,GA,3556,0.024
13,1504,4,GA,90974,0.689
13,1504,7,GA,41140,0.311
13,1505,6,GA,46,0
13,1505,7,GA,135979,1
13,1600,4,GA,163763,0.884
13,1600,10,GA,21400,0.116
13,1700,3,GA,60518,0.297
13,1700,10,GA,45615,0.224
13,1700,13,GA,97633,0.479
13,1800,3,GA,110527,0.455
13,1800,13,GA,132298,0.545
13,1800,14,GA,6,0
13,1900,11,GA,214342,1
13,2000,3,GA,280295,0.941
13,2000,13,GA,17662,0.059
13,2100,14,GA,192587,1
13,2200,9,GA,20166,0.193
13,2200,10,GA,84308,0.807
13,2300,12,GA,200549,1
13,2400,10,GA,37203,0.255
13,2400,12,GA,108725,0.745
13,2500,10,GA,41199,0.374
13,2500,12,GA,68847,0.626
13,2600,8,GA,9563,0.064
13,2600,10,GA,90828,0.61
13,2600,12,GA,48434,0.325
13,2700,2,GA,112650,0.724
13,2700,8,GA,42897,0.276
13,2800,2,GA,27695,0.135
13,2800,8,GA,177592,0.865
13,2900,2,GA,6865,0.049
13,2900,3,GA,132894,0.951
13,3000,2,GA,145487,0.766
13,3000,3,GA,44398,0.234
13,3100,2,GA,122640,1
13,3200,8,GA,72624,0.589
13,3200,12,GA,50652,0.411
13,3300,1,GA,30099,0.166
13,3300,12,GA,151039,0.834
13,3400,1,GA,134096,1
13,3500,1,GA,131032,1
13,3600,1,GA,153360,0.878
13,3600,12,GA,21373,0.122
13,3700,1,GA,130139,1
13,3800,1,GA,103546,0.671
13,3800,8,GA,8375,0.054
13,3800,12,GA,42356,0.275
13,3900,8,GA,122796,1
13,4000,2,GA,122863,1
13,4100,2,GA,73439,0.522
13,4100,8,GA,67177,0.478
13,4200,2,GA,67707,0.602
13,4200,8,GA,44720,0.398
13,4300,1,GA,9702,0.075
13,4300,8,GA,119808,0.925
15,100,2,HI,222015,1
15,200,2,HI,185079,1
15,301,2,HI,124187,1
15,302,2,HI,115164,1
15,303,1,HI,107596,1
15,304,1,HI,121372,1
15,305,1,HI,114531,1
15,306,1,HI,141533,1
15,307,1,HI,195464,0.854
15,307,2,HI,33360,0.146
16,100,1,ID,212393,1
16,200,1,ID,105358,1
16,300,2,ID,207499,1
16,400,1,ID,81932,0.752
16,400,2,ID,27038,0.248
16,500,1,ID,188923,1
16,600,1,ID,15128,0.078
16,600,2,ID,178152,0.922
16,700,1,ID,180400,0.906
16,700,2,ID,18685,0.094
16,800,2,ID,185790,1
16,900,2,ID,166284,1
17,101,17,IL,103690,1
17,102,17,IL,100520,1
17,103,17,IL,106819,1
17,200,17,IL,62107,0.546
17,200,18,IL,51716,0.454
17,300,18,IL,112680,1
17,400,13,IL,66740,0.55
17,400,18,IL,54544,0.45
17,500,13,IL,34417,0.33
17,500,15,IL,69837,0.67
17,600,15,IL,103477,1
17,700,15,IL,109491,1
17,800,12,IL,32207,0.228
17,800,15,IL,109093,0.772
17,900,12,IL,188486,1
17,1000,12,IL,72303,0.572
17,1000,15,IL,54153,0.428
17,1101,12,IL,182535,1
17,1102,12,IL,120478,0.761
17,1102,15,IL,37762,0.239
17,1201,12,IL,114462,0.999
17,1201,13,IL,163,0.001
17,1202,12,IL,2342,0.013
17,1202,13,IL,121576,0.684
17,1202,15,IL,53724,0.302
17,1300,13,IL,80410,0.711
17,1300,18,IL,32612,0.289
17,1400,13,IL,18976,0.149
17,1400,18,IL,108477,0.851
17,1500,13,IL,110768,1
17,1600,13,IL,68090,0.647
17,1600,15,IL,37209,0.353
17,1700,17,IL,65395,0.581
17,1700,18,IL,47152,0.419
17,1800,17,IL,19540,0.174
17,1800,18,IL,93071,0.826
17,1900,17,IL,49009,0.362
17,1900,18,IL,86385,0.638
17,2000,13,IL,60677,0.358
17,2000,18,IL,108895,0.642
17,2100,13,IL,150996,0.751
17,2100,15,IL,50085,0.249
17,2200,15,IL,87982,0.535
17,2200,16,IL,76392,0.465
17,2300,2,IL,113449,1
17,2400,16,IL,113924,1
17,2500,16,IL,42337,0.376
17,2500,17,IL,52919,0.47
17,2500,18,IL,17281,0.154
17,2600,14,IL,36986,0.262
17,2600,16,IL,104205,0.738
17,2700,16,IL,53497,0.529
17,2700,17,IL,47711,0.471
17,2800,16,IL,65134,0.436
17,2800,17,IL,84146,0.564
17,2900,16,IL,179194,0.895
17,2900,17,IL,20957,0.105
17,3001,14,IL,120828,1
17,3002,6,IL,88389,0.625
17,3002,14,IL,53114,0.375
17,3003,6,IL,71487,0.433
17,3003,8,IL,93602,0.567
17,3004,6,IL,30301,0.234
17,3004,14,IL,99202,0.766
17,3005,11,IL,146149,1
17,3006,6,IL,7383,0.031
17,3006,11,IL,38142,0.162
17,3006,14,IL,190168,0.807
17,3101,1,IL,16679,0.113
17,3101,2,IL,52799,0.356
17,3101,11,IL,649,0.004
17,3101,16,IL,78130,0.527
17,3102,3,IL,5148,0.039
17,3102,11,IL,118095,0.885
17,3102,14,IL,10146,0.076
17,3103,1,IL,79304,0.404
17,3103,3,IL,78987,0.402
17,3103,11,IL,38103,0.194
17,3104,3,IL,9184,0.037
17,3104,11,IL,156846,0.628
17,3104,14,IL,83553,0.335
17,3201,6,IL,85157,0.4
17,3201,8,IL,17946,0.084
17,3201,11,IL,89051,0.418
17,3201,14,IL,20680,0.097
17,3202,6,IL,104380,0.892
17,3202,8,IL,12687,0.108
17,3203,6,IL,41435,0.356
17,3203,11,IL,74833,0.644
17,3204,3,IL,1300,0.009
17,3204,5,IL,6087,0.041
17,3204,6,IL,92518,0.63
17,3204,11,IL,46890,0.319
17,3205,5,IL,36013,0.292
17,3205,6,IL,31431,0.255
17,3205,8,IL,56005,0.454
17,3206,5,IL,19551,0.098
17,3206,6,IL,8487,0.042
17,3206,8,IL,172473,0.86
17,3301,10,IL,104268,1
17,3302,10,IL,134243,1
17,3303,10,IL,162071,0.701
17,3303,14,IL,69119,0.299
17,3304,6,IL,16826,0.136
17,3304,10,IL,78134,0.63
17,3304,14,IL,29052,0.234
17,3305,6,IL,42654,0.389
17,3305,10,IL,67095,0.611
17,3401,6,IL,82834,0.654
17,3401,8,IL,43811,0.346
17,3402,6,IL,8211,0.036
17,3402,8,IL,222615,0.964
17,3403,8,IL,93630,0.377
17,3403,9,IL,100040,0.403
17,3403,10,IL,54850,0.221
17,3404,5,IL,4125,0.019
17,3404,9,IL,114929,0.517
17,3404,10,IL,103423,0.465
17,3405,5,IL,83,0
17,3405,9,IL,227023,0.963
17,3405,10,IL,8729,0.037
17,3406,4,IL,2176,0.019
17,3406,5,IL,110341,0.939
17,3406,9,IL,5049,0.043
17,3407,3,IL,16,0
17,3407,4,IL,71371,0.4
17,3407,5,IL,13510,0.076
17,3407,7,IL,93573,0.524
17,3408,3,IL,17244,0.09
17,3408,4,IL,109429,0.569
17,3408,7,IL,65753,0.342
17,3409,3,IL,145518,0.954
17,3409,5,IL,1602,0.011
17,3409,6,IL,1328,0.009
17,3409,11,IL,4012,0.026
17,3410,1,IL,46219,0.266
17,3410,3,IL,127386,0.734
17,3411,1,IL,84734,0.489
17,3411,2,IL,2341,0.013
17,3411,3,IL,86360,0.498
17,3412,1,IL,81792,0.745
17,3412,2,IL,28007,0.255
17,3413,1,IL,3358,0.02
17,3413,2,IL,165968,0.98
17,3414,1,IL,2812,0.017
17,3414,2,IL,164837,0.983
17,3501,5,IL,7819,0.047
17,3501,9,IL,160055,0.953
17,3502,5,IL,147314,0.93
17,3502,7,IL,2987,0.019
17,3502,9,IL,8183,0.052
17,3503,5,IL,78522,0.548
17,3503,9,IL,64780,0.452
17,3504,4,IL,65217,0.462
17,3504,5,IL,74852,0.53
17,3504,9,IL,1228,0.009
17,3505,5,IL,96888,0.754
17,3505,9,IL,31569,0.246
17,3506,4,IL,108515,0.694
17,3506,5,IL,44959,0.288
17,3506,7,IL,2814,0.018
17,3507,4,IL,3415,0.035
17,3507,5,IL,424,0.004
17,3507,7,IL,94675,0.961
17,3508,4,IL,24840,0.19
17,3508,7,IL,105963,0.81
17,3509,4,IL,139231,0.635
17,3509,5,IL,60203,0.275
17,3509,7,IL,19865,0.091
17,3510,5,IL,10520,0.057
17,3510,7,IL,175518,0.943
17,3511,4,IL,98470,0.856
17,3511,7,IL,16587,0.144
17,3512,3,IL,69880,0.426
17,3512,4,IL,61174,0.373
17,3512,7,IL,33064,0.201
17,3513,1,IL,22556,0.11
17,3513,3,IL,127185,0.622
17,3513,4,IL,28975,0.142
17,3513,7,IL,25922,0.127
17,3514,1,IL,61658,0.592
17,3514,2,IL,4130,0.04
17,3514,7,IL,38412,0.369
17,3515,1,IL,109697,0.733
17,3515,2,IL,39868,0.267
17,3516,1,IL,102261,0.723
17,3516,2,IL,1455,0.01
17,3516,7,IL,37679,0.266
17,3517,1,IL,58133,0.566
17,3517,3,IL,44605,0.434
17,3518,1,IL,33440,0.38
17,3518,2,IL,54626,0.62
17,3519,1,IL,10170,0.106
17,3519,2,IL,85333,0.894
18,100,1,IN,80294,1
18,201,1,IN,115525,1
18,202,1,IN,170048,1
18,203,1,IN,130138,1
18,300,1,IN,164343,1
18,400,1,IN,60074,0.539
18,400,2,IN,51393,0.461
18,500,2,IN,98946,1
18,600,2,IN,167985,1
18,700,2,IN,197559,1
18,800,3,IN,161072,1
18,900,3,IN,196650,1
18,1000,3,IN,158679,1
18,1100,3,IN,132426,1
18,1200,2,IN,77148,0.62
18,1200,3,IN,47261,0.38
18,1300,2,IN,57601,0.547
18,1300,4,IN,47722,0.453
18,1400,4,IN,117524,1
18,1500,2,IN,69791,0.642
18,1500,4,IN,38966,0.358
18,1600,3,IN,24335,0.234
18,1600,5,IN,79758,0.766
18,1700,4,IN,72765,0.737
18,1700,5,IN,25923,0.263
18,1800,4,IN,206004,1
18,1901,4,IN,31073,0.188
18,1901,5,IN,134613,0.812
18,1902,5,IN,165523,1
18,2001,5,IN,124099,1
18,2002,5,IN,7537,0.062
18,2002,6,IN,114438,0.938
18,2100,6,IN,117671,1
18,2200,6,IN,144550,1
18,2301,5,IN,64281,0.543
18,2301,7,IN,54166,0.457
18,2302,5,IN,62505,0.62
18,2302,7,IN,38234,0.38
18,2303,5,IN,56184,0.514
18,2303,7,IN,53021,0.486
18,2304,7,IN,136828,1
18,2305,7,IN,142787,1
18,2306,7,IN,154027,1
18,2307,7,IN,141360,1
18,2400,9,IN,139654,1
18,2500,4,IN,168405,0.786
18,2500,9,IN,45937,0.214
18,2600,4,IN,37963,0.345
18,2600,8,IN,72079,0.655
18,2700,8,IN,150950,1
18,2800,8,IN,101897,1
18,2900,9,IN,137973,1
18,3000,6,IN,76794,0.571
18,3000,9,IN,57618,0.429
18,3100,6,IN,126537,1
18,3200,6,IN,128034,1
18,3300,6,IN,12398,0.092
18,3300,9,IN,122015,0.908
18,3400,9,IN,113942,1
18,3500,8,IN,1667,0.016
18,3500,9,IN,103283,0.984
18,3600,8,IN,128527,1
18,3700,8,IN,116189,1
18,3800,8,IN,149113,1
19,100,4,IA,139462,1
19,200,1,IA,18374,0.144
19,200,4,IA,108884,0.856
19,300,1,IA,129195,0.765
19,300,4,IA,39759,0.235
19,400,1,IA,131090,1
19,500,1,IA,131265,0.66
19,500,2,IA,67615,0.34
19,600,1,IA,140398,0.782
19,600,2,IA,21704,0.121
19,600,4,IA,17534,0.098
19,700,2,IA,130882,1
19,800,1,IA,211226,1
19,900,4,IA,93710,1
19,1000,3,IA,10954,0.086
19,1000,4,IA,117107,0.914
19,1100,4,IA,102172,1
19,1200,3,IA,156286,0.852
19,1200,4,IA,27095,0.148
19,1300,2,IA,155584,0.813
19,1300,3,IA,35693,0.187
19,1400,3,IA,202714,1
19,1500,3,IA,227926,1
19,1600,3,IA,66135,0.363
19,1600,4,IA,115848,0.637
19,1700,2,IA,70151,0.531
19,1700,3,IA,61904,0.469
19,1800,2,IA,150464,1
19,1900,2,IA,165224,1
20,100,1,KS,96833,1
20,200,1,KS,101197,1
20,300,1,KS,166163,0.969
20,300,2,KS,5247,0.031
20,400,2,KS,153846,1
20,500,3,KS,157505,1
20,601,3,KS,156774,1
20,602,3,KS,101728,1
20,603,3,KS,149840,1
20,604,3,KS,135837,1
20,700,2,KS,132010,0.919
20,700,3,KS,11603,0.081
20,800,2,KS,177934,1
20,900,1,KS,56193,0.494
20,900,2,KS,50888,0.447
20,900,4,KS,6689,0.059
20,1000,1,KS,103774,1
20,1100,1,KS,37612,0.367
20,1100,4,KS,64801,0.633
20,1200,1,KS,151506,1
20,1300,4,KS,242700,1
20,1401,4,KS,115238,1
20,1402,4,KS,114318,1
20,1403,4,KS,126673,1
20,1500,2,KS,59020,0.579
20,1500,4,KS,42862,0.421
20,1600,2,KS,134327,1
21,100,1,KY,196393,1
21,200,1,KY,110237,1
21,300,1,KY,109068,1
21,400,1,KY,44162,0.259
21,400,2,KY,126482,0.741
21,500,1,KY,41018,0.361
21,500,2,KY,72533,0.639
21,600,1,KY,93802,0.453
21,600,2,KY,11258,0.054
21,600,5,KY,102182,0.493
21,700,5,KY,111129,1
21,800,5,KY,125489,1
21,900,5,KY,107407,0.936
21,900,6,KY,7355,0.064
21,1000,5,KY,154093,1
21,1100,2,KY,16917,0.09
21,1100,5,KY,24703,0.132
21,1100,6,KY,145814,0.778
21,1200,2,KY,62168,0.43
21,1200,5,KY,34,0
21,1200,6,KY,82541,0.57
21,1300,1,KY,20247,0.15
21,1300,2,KY,114739,0.85
21,1400,2,KY,134145,1
21,1500,1,KY,98720,0.92
21,1500,2,KY,8565,0.08
21,1600,1,KY,9531,0.09
21,1600,2,KY,96656,0.91
21,1701,3,KY,139163,1
21,1702,3,KY,100375,1
21,1703,3,KY,215628,0.923
21,1703,4,KY,17925,0.077
21,1704,3,KY,122467,1
21,1705,3,KY,145538,1
21,1800,2,KY,79679,0.366
21,1800,4,KY,138316,0.634
21,1901,6,KY,110761,1
21,1902,6,KY,185042,1
21,2000,4,KY,11787,0.083
21,2000,6,KY,130637,0.917
21,2100,4,KY,39848,0.288
21,2100,5,KY,37257,0.27
21,2100,6,KY,61026,0.442
21,2200,4,KY,76954,0.558
21,2200,5,KY,60929,0.442
21,2300,4,KY,105213,1
21,2400,4,KY,159720,1
21,2500,4,KY,173714,1
22,101,4,LA,132196,1
22,102,4,LA,123898,1
22,200,4,LA,157061,1
22,300,4,LA,131094,0.737
22,300,5,LA,46735,0.263
22,400,5,LA,153720,1
22,500,4,LA,22721,0.146
22,500,5,LA,132585,0.854
22,600,5,LA,125814,1
22,700,5,LA,131613,1
22,800,3,LA,38433,0.253
22,800,4,LA,113752,0.747
22,900,3,LA,192768,1
22,1000,3,LA,117226,1
22,1100,3,LA,166191,1
22,1200,3,LA,2995,0.026
22,1200,4,LA,74883,0.638
22,1200,5,LA,39490,0.336
22,1300,2,LA,23326,0.226
22,1300,5,LA,30087,0.291
22,1300,6,LA,49871,0.483
22,1401,2,LA,15913,0.148
22,1401,6,LA,91944,0.852
22,1402,2,LA,10626,0.084
22,1402,6,LA,116052,0.916
22,1501,2,LA,79368,0.768
22,1501,6,LA,23969,0.232
22,1502,2,LA,6903,0.055
22,1502,6,LA,119184,0.945
22,1600,2,LA,20312,0.086
22,1600,6,LA,214929,0.914
22,1700,1,LA,72728,0.601
22,1700,5,LA,48369,0.399
22,1801,2,LA,69866,1
22,1802,1,LA,21559,0.29
22,1802,2,LA,52899,0.71
22,1803,2,LA,103666,1
22,1804,1,LA,20207,0.211
22,1804,2,LA,75632,0.789
22,1901,1,LA,132740,0.984
22,1901,2,LA,2103,0.016
22,1902,1,LA,76214,0.787
22,1902,2,LA,20578,0.213
22,1903,2,LA,96010,1
22,1904,1,LA,18322,0.184
22,1904,2,LA,81303,0.816
22,1905,1,LA,64221,1
22,2001,1,LA,117092,0.713
22,2001,5,LA,47168,0.287
22,2002,1,LA,116648,1
22,2100,1,LA,46243,0.386
22,2100,2,LA,7637,0.064
22,2100,6,LA,65859,0.55
22,2200,1,LA,69471,0.621
22,2200,6,LA,42389,0.379
22,2300,3,LA,106810,1
22,2400,2,LA,89396,0.74
22,2400,6,LA,31410,0.26
22,2500,3,LA,131173,1
23,100,1,ME,191277,1
23,200,1,ME,108602,1
23,300,1,ME,146923,1
23,400,1,ME,101753,1
23,500,1,ME,39736,0.308
23,500,2,ME,89447,0.692
23,600,1,ME,75889,0.621
23,600,2,ME,46262,0.379
23,700,2,ME,107702,1
23,800,2,ME,140829,1
23,900,2,ME,175215,1
23,1000,2,ME,104726,1
24,100,6,MD,105184,1
24,200,6,MD,147430,1
24,300,6,MD,117162,0.502
24,300,8,MD,116223,0.498
24,400,1,MD,64960,0.389
24,400,8,MD,102174,0.611
24,501,1,MD,21426,0.181
24,501,2,MD,35437,0.299
24,501,3,MD,15387,0.13
24,501,7,MD,46372,0.391
24,502,2,MD,88227,0.712
24,502,3,MD,12934,0.104
24,502,7,MD,22836,0.184
24,503,1,MD,2156,0.019
24,503,2,MD,40791,0.362
24,503,3,MD,33511,0.297
24,503,7,MD,36235,0.322
24,504,1,MD,2977,0.026
24,504,2,MD,74075,0.637
24,504,3,MD,39197,0.337
24,505,1,MD,28320,0.258
24,505,2,MD,68603,0.625
24,505,3,MD,12870,0.117
24,506,2,MD,112670,1
24,507,2,MD,7019,0.063
24,507,3,MD,21196,0.191
24,507,7,MD,82790,0.746
24,601,1,MD,134063,1
24,601,2,MD,50,0
24,602,1,MD,19524,0.176
24,602,2,MD,91189,0.824
24,700,1,MD,121305,1
24,801,3,MD,26302,0.273
24,801,7,MD,69954,0.727
24,802,3,MD,38717,0.393
24,802,7,MD,59871,0.607
24,803,2,MD,38685,0.357
24,803,3,MD,25198,0.233
24,803,7,MD,44447,0.41
24,804,2,MD,15396,0.118
24,804,3,MD,48758,0.373
24,804,7,MD,66553,0.509
24,805,7,MD,89523,1
24,806,2,MD,29524,0.303
24,806,3,MD,26236,0.269
24,806,7,MD,41797,0.428
24,901,3,MD,17310,0.136
24,901,7,MD,110008,0.864
24,902,2,MD,38900,0.243
24,902,3,MD,74391,0.466
24,902,7,MD,46476,0.291
24,1001,3,MD,38922,0.297
24,1001,6,MD,72300,0.552
24,1001,8,MD,19773,0.151
24,1002,6,MD,128331,1
24,1003,6,MD,105873,0.599
24,1003,8,MD,70770,0.401
24,1004,6,MD,32268,0.181
24,1004,8,MD,145876,0.819
24,1005,6,MD,19966,0.148
24,1005,8,MD,114931,0.852
24,1006,3,MD,68680,0.595
24,1006,8,MD,46840,0.405
24,1007,3,MD,2386,0.022
24,1007,8,MD,104861,0.978
24,1101,4,MD,71347,0.624
24,1101,5,MD,42922,0.376
24,1102,4,MD,65334,0.496
24,1102,5,MD,66287,0.504
24,1103,4,MD,69336,0.652
24,1103,5,MD,37024,0.348
24,1104,4,MD,96686,1
24,1105,4,MD,103330,0.621
24,1105,5,MD,63094,0.379
24,1106,4,MD,30269,0.211
24,1106,5,MD,113490,0.789
24,1107,4,MD,104301,1
24,1201,2,MD,54582,0.36
24,1201,3,MD,47611,0.314
24,1201,4,MD,39739,0.262
24,1201,5,MD,9648,0.064
24,1202,2,MD,28297,0.25
24,1202,3,MD,68768,0.606
24,1202,4,MD,16348,0.144
24,1203,3,MD,41872,0.31
24,1203,4,MD,93266,0.69
24,1204,3,MD,59848,0.435
24,1204,4,MD,30134,0.219
24,1204,5,MD,47543,0.346
24,1300,1,MD,151264,1
24,1400,1,MD,176657,1
24,1500,5,MD,193888,1
24,1600,5,MD,146551,1
25,100,1,MA,115240,1
25,200,1,MA,42443,0.351
25,200,2,MA,78372,0.649
25,300,2,MA,51305,0.351
25,300,3,MA,94831,0.649
25,400,2,MA,4,0
25,400,3,MA,110047,1
25,500,3,MA,121698,0.638
25,500,6,MA,69098,0.362
25,600,3,MA,106531,1
25,600,6,MA,24,0
25,700,3,MA,148689,0.948
25,700,6,MA,8150,0.052
25,800,3,MA,60876,0.497
25,800,6,MA,61549,0.503
25,900,6,MA,106903,1
25,1000,6,MA,117056,1
25,1100,6,MA,119588,1
25,1200,6,MA,120350,1
25,1300,5,MA,49,0
25,1300,6,MA,111465,1
25,1400,3,MA,71232,0.633
25,1400,5,MA,28028,0.249
25,1400,6,MA,13320,0.118
25,1500,1,MA,14316,0.129
25,1500,2,MA,83349,0.749
25,1500,3,MA,13610,0.122
25,1600,1,MA,26231,0.25
25,1600,2,MA,78583,0.75
25,1700,1,MA,111234,1
25,1800,1,MA,118010,1
25,1900,1,MA,153064,1
25,2000,1,MA,92185,0.787
25,2000,2,MA,24885,0.213
25,2100,1,MA,54792,0.416
25,2100,2,MA,77074,0.584
25,2200,2,MA,123545,1
25,2300,2,MA,181106,1
25,2400,2,MA,7542,0.068
25,2400,4,MA,63555,0.573
25,2400,5,MA,39907,0.36
25,2500,4,MA,5,0
25,2500,5,MA,105443,1
25,2600,4,MA,62451,0.596
25,2600,5,MA,17620,0.168
25,2600,8,MA,24712,0.236
25,2700,4,MA,25,0
25,2700,5,MA,191497,1
25,2800,5,MA,107893,1
25,2800,6,MA,12,0
25,2900,5,MA,69224,0.663
25,2900,6,MA,9,0
25,2900,7,MA,35172,0.337
25,3000,5,MA,115639,0.998
25,3000,7,MA,221,0.002
25,3100,5,MA,3,0
25,3100,7,MA,117142,1
25,3200,5,MA,52185,0.496
25,3200,7,MA,52991,0.504
25,3301,4,MA,2,0
25,3301,7,MA,115972,1
25,3302,7,MA,113791,0.8
25,3302,8,MA,28441,0.2
25,3303,7,MA,126854,1
25,3304,7,MA,55030,0.499
25,3304,8,MA,55195,0.501
25,3305,7,MA,70162,0.574
25,3305,8,MA,52110,0.426
25,3400,4,MA,143851,1
25,3400,5,MA,18,0
25,3400,8,MA,4,0
25,3500,4,MA,40724,0.377
25,3500,8,MA,67305,0.623
25,3600,2,MA,21749,0.201
25,3600,4,MA,86371,0.799
25,3700,4,MA,49,0
25,3700,7,MA,32060,0.252
25,3700,8,MA,95075,0.748
25,3800,7,MA,8067,0.068
25,3800,8,MA,111245,0.932
25,3900,8,MA,111850,0.728
25,3900,9,MA,41874,0.272
25,4000,7,MA,52,0
25,4000,8,MA,114151,1
25,4100,4,MA,41442,0.272
25,4100,8,MA,67426,0.442
25,4100,9,MA,43663,0.286
25,4200,4,MA,111692,1
25,4300,4,MA,113474,1
25,4400,4,MA,54902,0.449
25,4400,9,MA,67458,0.551
25,4500,4,MA,8971,0.05
25,4500,9,MA,171468,0.95
25,4600,9,MA,160456,1
25,4700,9,MA,102658,1
25,4800,9,MA,139937,1
26,100,1,MI,99976,1
26,200,1,MI,109567,1
26,300,1,MI,101818,1
26,400,1,MI,99376,0.676
26,400,4,MI,47584,0.324
26,500,1,MI,136711,1
26,600,4,MI,71840,0.632
26,600,5,MI,41786,0.368
26,700,5,MI,17959,0.136
26,700,10,MI,114002,0.864
26,800,4,MI,83629,0.437
26,800,5,MI,107771,0.563
26,900,4,MI,87500,0.437
26,900,5,MI,112669,0.563
26,1000,4,MI,143713,1
26,1100,1,MI,7574,0.042
26,1100,2,MI,107700,0.593
26,1100,4,MI,66326,0.365
26,1200,2,MI,172188,1
26,1300,2,MI,6,0
26,1300,3,MI,188023,1
26,1401,2,MI,48707,0.306
26,1401,3,MI,110542,0.694
26,1402,3,MI,116534,1
26,1403,2,MI,111147,0.801
26,1403,3,MI,27663,0.199
26,1500,2,MI,263801,1
26,1600,1,MI,150952,1
26,1700,2,MI,2424,0.014
26,1700,3,MI,59173,0.347
26,1700,6,MI,108984,0.639
26,1800,7,MI,4728,0.041
26,1800,8,MI,109580,0.959
26,1900,8,MI,171315,1
26,2000,4,MI,75382,0.423
26,2000,7,MI,103031,0.577
26,2100,3,MI,67895,0.534
26,2100,4,MI,59352,0.466
26,2200,5,MI,102434,1
26,2301,5,MI,108086,1
26,2302,4,MI,70648,0.247
26,2302,5,MI,215270,0.753
26,2400,6,MI,156813,1
26,2501,8,MI,166809,1
26,2502,11,MI,210117,1
26,2503,8,MI,799,0.005
26,2503,11,MI,93409,0.596
26,2503,14,MI,62485,0.399
26,2504,8,MI,76498,0.467
26,2504,11,MI,87393,0.533
26,2505,9,MI,55481,0.374
26,2505,11,MI,40858,0.275
26,2505,14,MI,52031,0.351
26,2506,11,MI,10372,0.063
26,2506,14,MI,155554,0.937
26,2507,9,MI,60054,0.654
26,2507,14,MI,31738,0.346
26,2508,9,MI,89939,0.911
26,2508,11,MI,8818,0.089
26,2601,6,MI,125485,1
26,2602,6,MI,201104,1
26,2700,6,MI,113588,0.715
26,2700,7,MI,45248,0.285
26,2800,3,MI,136146,1
26,2900,7,MI,160248,1
26,3000,7,MI,146580,1
26,3100,7,MI,152021,1
26,3200,12,MI,112909,1
26,3300,7,MI,94118,0.406
26,3300,12,MI,137764,0.594
26,3400,8,MI,180967,1
26,3500,10,MI,251359,1
26,3600,11,MI,96942,1
26,3701,13,MI,82548,0.832
26,3701,14,MI,16688,0.168
26,3702,13,MI,19335,0.245
26,3702,14,MI,59478,0.755
26,3703,13,MI,2750,0.036
26,3703,14,MI,72926,0.964
26,3704,13,MI,22570,0.227
26,3704,14,MI,76765,0.773
26,3705,13,MI,87704,1
26,3706,13,MI,74371,0.794
26,3706,14,MI,19239,0.206
26,3707,13,MI,6577,0.089
26,3707,14,MI,67641,0.911
26,3708,13,MI,95798,0.911
26,3708,14,MI,9387,0.089
26,3801,13,MI,11776,0.125
26,3801,14,MI,82173,0.875
26,3802,12,MI,108611,0.532
26,3802,13,MI,95678,0.468
26,3803,11,MI,158065,0.828
26,3803,12,MI,32812,0.172
26,3804,12,MI,88559,0.787
26,3804,13,MI,23989,0.213
26,3805,12,MI,133082,1
26,3806,13,MI,154748,1
26,3807,12,MI,92193,0.766
26,3807,13,MI,28174,0.234
26,3900,9,MI,90927,0.701
26,3900,10,MI,38772,0.299
26,4000,9,MI,134056,1
26,4101,9,MI,147797,1
26,4102,9,MI,127590,0.838
26,4102,10,MI,24587,0.162
26,4103,10,MI,121525,1
26,4104,10,MI,155736,1
27,100,7,MN,145090,1
27,200,7,MN,80658,0.698
27,200,8,MN,34869,0.302
27,300,8,MN,102978,1
27,400,8,MN,200226,1
27,500,8,MN,186174,1
27,600,7,MN,60904,0.564
27,600,8,MN,47041,0.436
27,700,7,MN,109228,1
27,800,6,MN,159286,0.842
27,800,7,MN,29807,0.158
27,900,6,MN,213199,0.699
27,900,8,MN,91703,0.301
27,1001,6,MN,198524,1
27,1002,3,MN,61476,0.465
27,1002,5,MN,53682,0.406
27,1002,6,MN,17162,0.13
27,1100,2,MN,129928,0.588
27,1100,3,MN,56363,0.255
27,1100,6,MN,34679,0.157
27,1201,2,MN,150199,1
27,1202,2,MN,109396,1
27,1203,2,MN,138957,1
27,1301,5,MN,130402,1
27,1302,5,MN,127765,1
27,1303,5,MN,124416,1
27,1401,3,MN,106448,0.945
27,1401,5,MN,5156,0.046
27,1401,6,MN,1035,0.009
27,1402,3,MN,210707,1
27,1403,5,MN,106918,1
27,1404,3,MN,110525,1
27,1405,3,MN,34578,0.312
27,1405,5,MN,76210,0.688
27,1406,3,MN,82893,0.701
27,1406,5,MN,35372,0.299
27,1501,4,MN,168741,1
27,1502,4,MN,116350,1
27,1601,4,MN,98451,1
27,1602,4,MN,122014,0.975
27,1602,5,MN,3070,0.025
27,1700,2,MN,41608,0.175
27,1700,4,MN,157434,0.661
27,1700,6,MN,39108,0.164
27,1800,7,MN,133146,1
27,1900,1,MN,25893,0.249
27,1900,7,MN,77950,0.751
27,2000,1,MN,115876,1
27,2100,1,MN,66801,0.484
27,2100,2,MN,71227,0.516
27,2200,1,MN,91354,0.808
27,2200,2,MN,21676,0.192
27,2300,1,MN,144248,1
27,2400,1,MN,127081,1
27,2500,1,MN,91738,0.778
27,2500,7,MN,26205,0.222
28,100,1,MS,161252,1
28,200,1,MS,115456,1
28,300,1,MS,105327,1
28,400,1,MS,140001,1
28,500,1,MS,28886,0.266
28,500,2,MS,79859,0.734
28,600,2,MS,85282,1
28,700,2,MS,97117,1
28,800,1,MS,33762,0.342
28,800,2,MS,65073,0.658
28,900,1,MS,60385,0.576
28,900,3,MS,44510,0.424
28,1000,1,MS,96768,0.893
28,1000,3,MS,11545,0.107
28,1100,3,MS,127131,0.984
28,1100,4,MS,2038,0.016
28,1200,2,MS,23805,0.206
28,1200,3,MS,91493,0.794
28,1300,3,MS,141617,1
28,1400,2,MS,138590,0.819
28,1400,3,MS,30638,0.181
28,1500,2,MS,102999,0.601
28,1500,3,MS,68261,0.399
28,1600,2,MS,102358,1
28,1700,2,MS,46779,0.303
28,1700,3,MS,107356,0.697
28,1800,4,MS,115158,1
28,1900,4,MS,130592,1
28,2000,3,MS,119271,0.815
28,2000,4,MS,27088,0.185
28,2100,4,MS,140127,1
28,2200,4,MS,187105,1
28,2300,4,MS,139668,1
29,100,6,MO,111823,1
29,200,6,MO,106492,1
29,300,6,MO,102755,1
29,400,3,MO,12236,0.118
29,400,4,MO,25414,0.244
29,400,6,MO,66304,0.638
29,500,3,MO,120262,0.636
29,500,4,MO,62556,0.331
29,500,6,MO,6325,0.033
29,600,4,MO,162642,1
29,700,4,MO,94796,0.701
29,700,5,MO,23370,0.173
29,700,6,MO,17126,0.127
29,800,5,MO,31441,0.18
29,800,6,MO,143465,0.82
29,901,5,MO,150318,0.755
29,901,6,MO,48896,0.245
29,902,4,MO,99302,0.469
29,902,5,MO,86736,0.41
29,902,6,MO,25571,0.121
29,1001,5,MO,42290,0.269
29,1001,6,MO,114808,0.731
29,1002,5,MO,97388,1
29,1003,5,MO,103436,1
29,1004,4,MO,197,0.002
29,1004,5,MO,101715,0.998
29,1100,5,MO,111901,0.957
29,1100,6,MO,5051,0.043
29,1200,4,MO,142129,0.82
29,1200,7,MO,31137,0.18
29,1300,3,MO,51470,0.291
29,1300,4,MO,125690,0.709
29,1400,3,MO,38336,0.257
29,1400,8,MO,110704,0.743
29,1500,3,MO,186571,1
29,1601,2,MO,77988,0.366
29,1601,3,MO,135287,0.634
29,1602,2,MO,56890,0.386
29,1602,3,MO,90320,0.614
29,1701,1,MO,123588,1
29,1702,1,MO,121492,0.966
29,1702,2,MO,4225,0.034
29,1703,1,MO,110073,0.985
29,1703,2,MO,1672,0.015
29,1704,1,MO,10282,0.092
29,1704,2,MO,101522,0.908
29,1705,1,MO,50647,0.43
29,1705,2,MO,67246,0.57
29,1706,2,MO,114062,1
29,1707,1,MO,13240,0.084
29,1707,2,MO,145319,0.916
29,1708,2,MO,135694,1
29,1801,1,MO,91993,1
29,1802,1,MO,102415,1
29,1803,1,MO,124888,1
29,1900,2,MO,43996,0.201
29,1900,3,MO,114133,0.522
29,1900,8,MO,60494,0.277
29,2000,8,MO,213368,1
29,2100,8,MO,122754,1
29,2200,8,MO,113344,1
29,2300,8,MO,127952,1
29,2400,4,MO,28028,0.121
29,2400,7,MO,204037,0.879
29,2500,7,MO,156736,1
29,2600,4,MO,7883,0.042
29,2600,7,MO,181188,0.958
29,2700,7,MO,175518,1
30,100,0,MT,150774,1
30,200,0,MT,145087,1
30,300,0,MT,133854,1
30,400,0,MT,147972,1
30,500,0,MT,123977,1
30,600,0,MT,134017,1
30,700,0,MT,153734,1
31,100,3,NE,111531,1
31,200,1,NE,107101,0.582
31,200,3,NE,77072,0.418
31,300,3,NE,106716,1
31,400,3,NE,106374,1
31,500,3,NE,114645,1
31,600,1,NE,46157,0.333
31,600,3,NE,92442,0.667
31,701,1,NE,102946,0.978
31,701,2,NE,2288,0.022
31,702,1,NE,67169,0.429
31,702,2,NE,89383,0.571
31,801,1,NE,151347,1
31,802,1,NE,134060,1
31,901,2,NE,161488,1
31,902,2,NE,140508,1
31,903,2,NE,102134,1
31,904,2,NE,112980,1
32,100,2,NV,211350,1
32,200,2,NV,210057,1
32,300,2,NV,104738,0.618
32,300,4,NV,64845,0.382
32,400,2,NV,148993,0.941
32,400,4,NV,9268,0.059
32,501,3,NV,216129,0.87
32,501,4,NV,32351,0.13
32,502,1,NV,48668,0.405
32,502,3,NV,7,0
32,502,4,NV,71568,0.595
32,503,1,NV,135491,0.951
32,503,3,NV,7020,0.049
32,504,1,NV,131916,0.988
32,504,3,NV,1662,0.012
32,505,1,NV,11144,0.051
32,505,4,NV,205984,0.949
32,506,4,NV,207921,1
32,507,1,NV,22079,0.174
32,507,3,NV,66815,0.525
32,507,4,NV,38293,0.301
32,508,1,NV,112431,0.82
32,508,4,NV,24656,0.18
32,509,1,NV,111918,0.847
32,509,4,NV,20251,0.153
32,510,1,NV,101483,0.461
32,510,3,NV,118836,0.539
32,511,1,NV,8,0
32,511,3,NV,264669,1
33,100,1,NH,3333,0.027
33,100,2,NH,118840,0.973
33,200,1,NH,106808,0.881
33,200,2,NH,14404,0.119
33,300,1,NH,123143,1
33,400,1,NH,13451,0.101
33,400,2,NH,119692,0.899
33,500,2,NH,120859,1
33,600,1,NH,25490,0.212
33,600,2,NH,94683,0.788
33,700,1,NH,101043,0.881
33,700,2,NH,13592,0.119
33,800,1,NH,109565,1
33,900,2,NH,119232,1
33,1000,1,NH,54402,0.489
33,1000,2,NH,56943,0.511
33,1100,1,NH,120990,1
34,101,2,NJ,112887,1
34,102,2,NJ,161662,1
34,200,2,NJ,97265,1
34,301,5,NJ,83222,0.705
34,301,9,NJ,34898,0.295
34,302,9,NJ,115629,1
34,303,5,NJ,7,0
34,303,8,NJ,13835,0.101
34,303,9,NJ,122765,0.899
34,304,5,NJ,136831,0.683
34,304,9,NJ,63549,0.317
34,305,5,NJ,153532,0.844
34,305,9,NJ,28342,0.156
34,306,5,NJ,152506,1
34,400,9,NJ,146199,1
34,501,9,NJ,153917,1
34,502,5,NJ,38067,0.189
34,502,9,NJ,32974,0.164
34,502,11,NJ,130069,0.647
34,601,8,NJ,102686,0.77
34,601,10,NJ,30628,0.23
34,602,8,NJ,8992,0.079
34,602,10,NJ,105291,0.921
34,701,8,NJ,121657,0.882
34,701,9,NJ,16264,0.118
34,702,8,NJ,129014,1
34,703,8,NJ,71816,0.6
34,703,9,NJ,18112,0.151
34,703,10,NJ,29806,0.249
34,800,7,NJ,128349,1
34,901,6,NJ,73352,0.426
34,901,12,NJ,98807,0.574
34,902,12,NJ,181428,1
34,903,6,NJ,125207,0.857
34,903,12,NJ,20862,0.143
34,904,6,NJ,136926,1
34,905,6,NJ,173243,1
34,1001,7,NJ,140728,0.931
34,1001,12,NJ,10402,0.069
34,1002,7,NJ,94743,0.551
34,1002,12,NJ,77207,0.449
34,1101,4,NJ,93028,0.835
34,1101,6,NJ,18376,0.165
34,1102,4,NJ,161382,1
34,1103,4,NJ,72984,0.604
34,1103,6,NJ,47927,0.396
34,1104,4,NJ,78979,0.63
34,1104,6,NJ,46458,0.37
34,1105,4,NJ,77,0.001
34,1105,6,NJ,111168,0.999
34,1201,2,NJ,39917,0.177
34,1201,3,NJ,76038,0.338
34,1201,4,NJ,109033,0.485
34,1202,3,NJ,159375,1
34,1203,3,NJ,77070,0.401
34,1203,4,NJ,115166,0.599
34,1301,8,NJ,123560,0.802
34,1301,10,NJ,30469,0.198
34,1302,8,NJ,313,0.003
34,1302,10,NJ,122979,0.997
34,1401,8,NJ,35807,0.301
34,1401,10,NJ,32012,0.269
34,1401,11,NJ,51205,0.43
34,1402,10,NJ,110587,1
34,1403,10,NJ,26370,0.198
34,1403,11,NJ,106550,0.802
34,1404,7,NJ,20175,0.14
34,1404,10,NJ,95834,0.665
34,1404,11,NJ,28108,0.195
34,1501,7,NJ,24681,0.19
34,1501,11,NJ,105404,0.81
34,1502,7,NJ,91392,0.706
34,1502,11,NJ,38088,0.294
34,1503,11,NJ,113268,1
34,1504,7,NJ,8702,0.073
34,1504,11,NJ,110700,0.927
34,1600,5,NJ,100040,0.67
34,1600,11,NJ,49266,0.33
34,1700,5,NJ,68467,0.63
34,1700,7,NJ,40225,0.37
34,1800,8,NJ,124969,1
34,1901,7,NJ,39543,0.246
34,1901,10,NJ,121316,0.754
34,1902,7,NJ,95878,0.778
34,1902,10,NJ,27346,0.222
34,1903,6,NJ,1,0
34,1903,7,NJ,47914,0.376
34,1903,12,NJ,79544,0.624
34,2001,1,NJ,7407,0.058
34,2001,3,NJ,119496,0.942
34,2002,1,NJ,19131,0.124
34,2002,3,NJ,135280,0.876
34,2003,2,NJ,2130,0.013
34,2003,3,NJ,165290,0.987
34,2101,1,NJ,126640,1
34,2102,1,NJ,122434,1
34,2103,1,NJ,137122,0.928
34,2103,2,NJ,10649,0.072
34,2104,1,NJ,117869,1
34,2201,1,NJ,128668,1
34,2202,1,NJ,73393,0.327
34,2202,2,NJ,151253,0.673
34,2301,4,NJ,88466,0.428
34,2301,12,NJ,118385,0.572
34,2302,4,NJ,13642,0.085
34,2302,7,NJ,352,0.002
34,2302,12,NJ,146022,0.913
34,2400,2,NJ,156898,1
35,100,3,NM,130044,1
35,200,2,NM,4687,0.042
35,200,3,NM,107457,0.958
35,300,2,NM,29529,0.249
35,300,3,NM,89247,0.751
35,400,1,NM,5390,0.033
35,400,3,NM,156730,0.967
35,500,1,NM,31480,0.152
35,500,2,NM,65167,0.314
35,500,3,NM,110855,0.534
35,601,1,NM,156188,1
35,602,1,NM,106158,1
35,603,1,NM,126539,0.821
35,603,3,NM,27563,0.179
35,604,1,NM,102884,1
35,605,1,NM,141371,0.983
35,605,2,NM,2489,0.017
35,700,2,NM,34214,0.347
35,700,3,NM,64491,0.653
35,800,1,NM,16383,0.15
35,800,2,NM,93082,0.85
35,900,2,NM,209233,1
35,1000,2,NM,129442,1
35,1100,2,NM,118556,1
36,100,21,NY,111944,1
36,200,21,NY,177933,1
36,300,21,NY,128923,1
36,401,21,NY,9544,0.063
36,401,22,NY,141887,0.937
36,402,22,NY,147966,1
36,500,21,NY,143316,1
36,600,22,NY,45226,0.37
36,600,24,NY,76883,0.63
36,700,24,NY,145170,1
36,801,22,NY,73442,0.673
36,801,24,NY,35685,0.327
36,802,24,NY,126522,1
36,803,24,NY,138538,1
36,804,24,NY,101137,1
36,901,25,NY,102313,1
36,902,25,NY,108258,1
36,1001,25,NY,122684,1
36,1002,25,NY,124495,1
36,1003,24,NY,93772,0.922
36,1003,25,NY,7878,0.078
36,1004,25,NY,161651,0.928
36,1004,27,NY,12630,0.072
36,1005,25,NY,90428,0.866
36,1005,27,NY,14007,0.134
36,1100,23,NY,45173,0.419
36,1100,27,NY,62758,0.581
36,1200,27,NY,107548,1
36,1300,27,NY,102962,1
36,1401,26,NY,156323,1
36,1402,26,NY,104987,1
36,1501,27,NY,108213,1
36,1502,26,NY,81744,0.755
36,1502,27,NY,26512,0.245
36,1601,26,NY,109071,1
36,1602,26,NY,114504,0.936
36,1602,27,NY,7862,0.064
36,1603,27,NY,108423,1
36,1604,26,NY,151078,1
36,1605,27,NY,166792,1
36,1700,23,NY,136815,1
36,1800,22,NY,99813,1
36,1900,19,NY,142988,1
36,2000,19,NY,15613,0.148
36,2000,20,NY,34606,0.327
36,2000,21,NY,55531,0.525
36,2100,20,NY,154727,1
36,2201,20,NY,29166,0.256
36,2201,21,NY,84813,0.744
36,2202,20,NY,99925,0.946
36,2202,21,NY,5703,0.054
36,2300,19,NY,64349,0.404
36,2300,20,NY,95080,0.596
36,2401,20,NY,106379,1
36,2402,20,NY,197825,1
36,2500,19,NY,112317,1
36,2601,19,NY,2311,0.019
36,2601,22,NY,81885,0.659
36,2601,23,NY,40040,0.322
36,2602,22,NY,127489,1
36,2700,23,NY,107173,1
36,2800,23,NY,124338,1
36,2900,23,NY,129263,1
36,3000,23,NY,134905,1
36,3101,19,NY,106310,1
36,3102,19,NY,153730,1
36,3201,18,NY,8817,0.069
36,3201,19,NY,118869,0.931
36,3202,18,NY,168581,0.993
36,3202,19,NY,1221,0.007
36,3301,18,NY,119213,1
36,3302,18,NY,124140,1
36,3303,18,NY,129460,1
36,3400,16,NY,195963,1
36,3501,17,NY,68970,0.531
36,3501,18,NY,60916,0.469
36,3502,17,NY,146573,1
36,3503,16,NY,37740,0.232
36,3503,17,NY,124692,0.768
36,3504,16,NY,52490,0.444
36,3504,17,NY,65786,0.556
36,3505,16,NY,189113,1
36,3506,18,NY,106580,1
36,3601,17,NY,133231,1
36,3602,17,NY,178456,1
36,3701,13,NY,60432,0.559
36,3701,16,NY,47689,0.441
36,3702,13,NY,52,0
36,3702,14,NY,868,0.006
36,3702,16,NY,137492,0.993
36,3703,14,NY,71471,0.62
36,3703,16,NY,43752,0.38
36,3704,14,NY,109531,0.885
36,3704,15,NY,765,0.006
36,3704,16,NY,13468,0.109
36,3705,13,NY,770,0.005
36,3705,14,NY,1496,0.009
36,3705,15,NY,159089,0.986
36,3706,13,NY,110152,0.865
36,3706,14,NY,48,0
36,3706,15,NY,17153,0.135
36,3707,13,NY,14786,0.11
36,3707,15,NY,119532,0.89
36,3708,15,NY,139310,1
36,3709,14,NY,44302,0.244
36,3709,15,NY,136893,0.756
36,3710,14,NY,11091,0.071
36,3710,15,NY,144966,0.929
36,3801,13,NY,198485,1
36,3802,10,NY,32892,0.258
36,3802,13,NY,94477,0.742
36,3803,13,NY,118665,1
36,3804,12,NY,9250,0.079
36,3804,13,NY,108319,0.921
36,3805,12,NY,219920,1
36,3806,10,NY,182351,0.94
36,3806,13,NY,11569,0.06
36,3807,10,NY,80611,0.557
36,3807,12,NY,64049,0.443
36,3808,12,NY,151010,1
36,3809,7,NY,89250,0.541
36,3809,12,NY,75684,0.459
36,3810,7,NY,8527,0.057
36,3810,10,NY,122947,0.823
36,3810,12,NY,17867,0.12
36,3901,11,NY,160209,1
36,3902,11,NY,132886,1
36,3903,11,NY,175635,1
36,4001,7,NY,83425,0.565
36,4001,12,NY,64152,0.435
36,4002,7,NY,109558,0.848
36,4002,8,NY,19695,0.152
36,4003,7,NY,22558,0.168
36,4003,8,NY,111659,0.832
36,4004,7,NY,43950,0.371
36,4004,8,NY,74629,0.629
36,4005,7,NY,68248,0.644
36,4005,9,NY,37448,0.353
36,4005,10,NY,306,0.003
36,4006,8,NY,29714,0.242
36,4006,9,NY,93304,0.758
36,4007,7,NY,30,0
36,4007,8,NY,69011,0.577
36,4007,9,NY,50537,0.423
36,4008,7,NY,48253,0.312
36,4008,8,NY,106288,0.688
36,4009,8,NY,160123,0.827
36,4009,9,NY,33600,0.173
36,4010,8,NY,6944,0.051
36,4010,9,NY,128704,0.949
36,4011,9,NY,107129,1
36,4012,7,NY,119120,0.808
36,4012,9,NY,20988,0.142
36,4012,10,NY,7266,0.049
36,4013,7,NY,1961,0.016
36,4013,10,NY,20575,0.169
36,4013,11,NY,99254,0.815
36,4014,7,NY,7320,0.045
36,4014,10,NY,156227,0.955
36,4015,9,NY,158639,1
36,4016,8,NY,11408,0.077
36,4016,9,NY,87359,0.591
36,4016,10,NY,611,0.004
36,4016,11,NY,48373,0.327
36,4017,10,NY,113921,0.627
36,4017,11,NY,67714,0.373
36,4018,8,NY,81062,0.707
36,4018,11,NY,33637,0.293
36,4101,12,NY,103732,0.596
36,4101,14,NY,70442,0.404
36,4102,14,NY,183006,1
36,4103,3,NY,48616,0.196
36,4103,6,NY,171466,0.69
36,4103,14,NY,28246,0.114
36,4104,3,NY,24940,0.213
36,4104,6,NY,91912,0.787
36,4105,3,NY,46656,0.247
36,4105,5,NY,142032,0.753
36,4106,5,NY,27387,0.178
36,4106,6,NY,126321,0.822
36,4107,6,NY,53411,0.365
36,4107,14,NY,92871,0.635
36,4108,6,NY,112075,1
36,4109,6,NY,17543,0.131
36,4109,12,NY,12043,0.09
36,4109,14,NY,104306,0.779
36,4110,6,NY,115854,0.68
36,4110,7,NY,54578,0.32
36,4110,14,NY,30,0
36,4111,5,NY,55110,0.384
36,4111,6,NY,27794,0.194
36,4111,7,NY,60581,0.422
36,4112,5,NY,220059,0.994
36,4112,6,NY,1331,0.006
36,4113,5,NY,75878,0.615
36,4113,7,NY,349,0.003
36,4113,8,NY,47175,0.382
36,4114,5,NY,114978,1
36,4201,3,NY,112082,0.999
36,4201,4,NY,106,0.001
36,4202,3,NY,117159,1
36,4203,2,NY,8844,0.084
36,4203,3,NY,95864,0.916
36,4204,3,NY,28181,0.247
36,4204,4,NY,85973,0.753
36,4205,4,NY,78998,0.696
36,4205,5,NY,34540,0.304
36,4206,4,NY,144005,1
36,4207,2,NY,63745,0.559
36,4207,4,NY,50225,0.441
36,4208,2,NY,94445,0.96
36,4208,3,NY,3946,0.04
36,4209,2,NY,15294,0.146
36,4209,4,NY,89399,0.854
36,4210,4,NY,103996,1
36,4211,4,NY,73688,0.683
36,4211,5,NY,34202,0.317
36,4212,4,NY,91318,0.871
36,4212,5,NY,13522,0.129
36,4301,3,NY,203262,1
36,4302,1,NY,80802,0.686
36,4302,3,NY,36999,0.314
36,4303,1,NY,119632,1
36,4304,1,NY,136775,1
36,4305,1,NY,130891,1
36,4306,1,NY,120947,1
36,4307,1,NY,110121,1
36,4308,1,NY,18539,0.175
36,4308,2,NY,87644,0.825
36,4309,2,NY,128744,1
36,4310,2,NY,105651,1
36,4311,2,NY,100267,1
36,4312,2,NY,113074,1
36,4312,3,NY,2,0
37,100,11,NC,194102,1
37,201,10,NC,31673,0.227
37,201,11,NC,107985,0.773
37,202,10,NC,80176,0.671
37,202,11,NC,39281,0.329
37,300,11,NC,139797,1
37,400,10,NC,186561,0.806
37,400,11,NC,44996,0.194
37,500,5,NC,96125,0.742
37,500,11,NC,33397,0.258
37,600,5,NC,154196,1
37,600,11,NC,4,0
37,700,5,NC,9499,0.062
37,700,10,NC,144856,0.938
37,700,11,NC,2,0
37,800,5,NC,37182,0.176
37,800,10,NC,50,0
37,800,11,NC,173892,0.824
37,901,9,NC,14106,0.13
37,901,12,NC,94354,0.87
37,902,12,NC,118713,1
37,903,12,NC,117018,1
37,904,9,NC,4938,0.045
37,904,12,NC,103807,0.955
37,905,9,NC,112250,0.73
37,905,12,NC,41445,0.27
37,1000,8,NC,6,0
37,1000,9,NC,54842,0.175
37,1000,12,NC,258155,0.825
37,1100,10,NC,284188,1
37,1200,8,NC,88430,0.639
37,1200,13,NC,49998,0.361
37,1300,8,NC,177997,1
37,1300,9,NC,14,0
37,1400,9,NC,201286,1
37,1500,5,NC,25,0
37,1500,10,NC,6031,0.038
37,1500,13,NC,153397,0.962
37,1601,6,NC,7229,0.064
37,1601,13,NC,105470,0.936
37,1602,6,NC,60819,0.478
37,1602,13,NC,66499,0.522
37,1700,6,NC,94370,0.38
37,1700,13,NC,154019,0.62
37,1800,5,NC,201914,1
37,1900,5,NC,148756,1
37,2000,6,NC,141754,1
37,2100,5,NC,85807,0.675
37,2100,13,NC,41240,0.325
37,2200,13,NC,162878,1
37,2300,6,NC,151126,1
37,2400,6,NC,156831,1
37,2500,8,NC,88383,0.766
37,2500,9,NC,26948,0.234
37,2601,2,NC,3,0
37,2601,4,NC,152433,1
37,2602,1,NC,352,0.002
37,2602,2,NC,23188,0.131
37,2602,4,NC,153236,0.867
37,2701,2,NC,22962,0.153
37,2701,4,NC,126875,0.847
37,2702,2,NC,153693,0.692
37,2702,4,NC,68467,0.308
37,2703,2,NC,128752,0.643
37,2703,4,NC,71399,0.357
37,2801,1,NC,113838,0.807
37,2801,4,NC,27292,0.193
37,2802,1,NC,126079,1
37,2802,2,NC,26,0
37,2900,4,NC,133779,0.678
37,2900,6,NC,63525,0.322
37,3000,2,NC,169961,0.741
37,3000,7,NC,59546,0.259
37,3100,2,NC,114653,0.665
37,3100,6,NC,57866,0.335
37,3200,3,NC,13,0
37,3200,7,NC,121921,1
37,3300,1,NC,126310,1
37,3400,1,NC,56552,0.371
37,3400,2,NC,95840,0.629
37,3500,1,NC,101459,1
37,3600,8,NC,107259,0.887
37,3600,9,NC,13635,0.113
37,3700,8,NC,136217,0.686
37,3700,9,NC,62320,0.314
37,3800,9,NC,134168,1
37,3900,8,NC,135189,0.62
37,3900,9,NC,82806,0.38
37,4000,7,NC,310098,1
37,4100,7,NC,119296,0.82
37,4100,9,NC,26209,0.18
37,4200,3,NC,177772,1
37,4200,7,NC,2,0
37,4300,7,NC,122623,1
37,4400,1,NC,56787,0.35
37,4400,2,NC,24447,0.151
37,4400,3,NC,80834,0.499
37,4500,3,NC,180150,1
37,4600,1,NC,80880,0.481
37,4600,3,NC,87268,0.519
37,4700,1,NC,45787,0.429
37,4700,3,NC,60903,0.571
37,4800,1,NC,25425,0.148
37,4800,3,NC,146571,0.852
38,100,0,ND,114013,1
38,200,0,ND,206279,1
38,300,0,ND,103906,1
38,400,0,ND,149778,1
38,500,0,ND,98615,1
39,100,5,OH,104894,1
39,201,5,OH,170504,1
39,202,5,OH,125488,0.824
39,202,9,OH,26801,0.176
39,301,5,OH,20721,0.211
39,301,9,OH,77633,0.789
39,302,5,OH,46181,0.453
39,302,9,OH,55689,0.547
39,303,9,OH,86984,1
39,400,4,OH,72730,0.405
39,400,5,OH,19868,0.111
39,400,9,OH,86853,0.484
39,501,4,OH,63002,0.471
39,501,7,OH,57,0
39,501,9,OH,70635,0.528
39,502,4,OH,51572,0.308
39,502,7,OH,83292,0.497
39,502,9,OH,32798,0.196
39,601,9,OH,22241,0.178
39,601,16,OH,102849,0.822
39,602,9,OH,86105,0.706
39,602,16,OH,35861,0.294
39,603,9,OH,78699,0.82
39,603,11,OH,17293,0.18
39,604,9,OH,57178,0.503
39,604,16,OH,56489,0.497
39,605,11,OH,31204,0.237
39,605,14,OH,25104,0.191
39,605,16,OH,75194,0.572
39,606,9,OH,39416,0.411
39,606,11,OH,56475,0.589
39,607,11,OH,106407,1
39,608,11,OH,99722,1
39,609,11,OH,99526,1
39,610,11,OH,92435,1
39,611,11,OH,95300,1
39,612,11,OH,23039,0.224
39,612,14,OH,79585,0.776
39,701,14,OH,100417,1
39,702,14,OH,108159,1
39,703,14,OH,114854,1
39,800,14,OH,101497,1
39,901,6,OH,35749,0.267
39,901,13,OH,75304,0.562
39,901,14,OH,23016,0.172
39,902,13,OH,117838,1
39,903,13,OH,88481,1
39,904,6,OH,16164,0.149
39,904,13,OH,92556,0.851
39,1000,13,OH,92510,0.573
39,1000,14,OH,36357,0.225
39,1000,16,OH,32579,0.202
39,1101,11,OH,22126,0.196
39,1101,13,OH,2447,0.022
39,1101,14,OH,80432,0.714
39,1101,16,OH,7613,0.068
39,1102,13,OH,64082,0.526
39,1102,14,OH,51591,0.424
39,1102,16,OH,6099,0.05
39,1103,11,OH,3,0
39,1103,13,OH,38404,0.355
39,1103,16,OH,69840,0.645
39,1201,11,OH,28874,0.281
39,1201,13,OH,73773,0.719
39,1201,16,OH,2,0
39,1202,11,OH,48628,0.504
39,1202,13,OH,47847,0.496
39,1202,14,OH,20,0
39,1300,7,OH,59690,0.346
39,1300,16,OH,112642,0.654
39,1400,4,OH,31826,0.282
39,1400,7,OH,80939,0.718
39,1500,4,OH,56745,0.368
39,1500,5,OH,97397,0.632
39,1600,4,OH,2917,0.024
39,1600,5,OH,103920,0.84
39,1600,8,OH,16834,0.136
39,1700,4,OH,152280,1
39,1800,4,OH,85955,0.728
39,1800,5,OH,32058,0.272
39,1900,4,OH,102282,0.705
39,1900,12,OH,42830,0.295
39,2000,7,OH,49746,0.4
39,2000,12,OH,74729,0.6
39,2100,16,OH,114520,1
39,2201,7,OH,80946,0.582
39,2201,16,OH,58255,0.418
39,2202,7,OH,110078,0.8
39,2202,16,OH,27477,0.2
39,2203,6,OH,28836,0.226
39,2203,7,OH,49430,0.387
39,2203,13,OH,27789,0.218
39,2203,16,OH,21611,0.169
39,2300,6,OH,107841,1
39,2400,6,OH,140109,1
39,2500,6,OH,81866,0.551
39,2500,7,OH,66667,0.449
39,2600,7,OH,140188,1
39,2700,12,OH,174214,1
39,2800,4,OH,52300,0.345
39,2800,15,OH,99133,0.655
39,2900,4,OH,49423,0.342
39,2900,8,OH,95229,0.658
39,3001,8,OH,106324,1
39,3002,8,OH,134515,1
39,3101,3,OH,64362,0.538
39,3101,15,OH,55309,0.462
39,3102,3,OH,16379,0.108
39,3102,12,OH,79074,0.523
39,3102,15,OH,55730,0.369
39,3103,3,OH,89197,0.833
39,3103,15,OH,17930,0.167
39,3104,3,OH,64824,0.447
39,3104,12,OH,31306,0.216
39,3104,15,OH,48958,0.337
39,3105,3,OH,111143,0.816
39,3105,15,OH,25090,0.184
39,3106,3,OH,73170,0.665
39,3106,12,OH,35917,0.326
39,3106,15,OH,950,0.009
39,3107,3,OH,108274,1
39,3108,3,OH,96316,0.625
39,3108,12,OH,57667,0.375
39,3109,3,OH,97381,0.739
39,3109,15,OH,34437,0.261
39,3200,7,OH,5,0
39,3200,12,OH,166487,1
39,3300,15,OH,146156,1
39,3400,6,OH,27273,0.223
39,3400,12,OH,58801,0.481
39,3400,15,OH,36058,0.295
39,3500,6,OH,91065,0.858
39,3500,15,OH,15054,0.142
39,3600,6,OH,27919,0.213
39,3600,15,OH,103423,0.787
39,3700,2,OH,70750,0.663
39,3700,15,OH,36023,0.337
39,3800,2,OH,43589,0.38
39,3800,10,OH,24306,0.212
39,3800,15,OH,46764,0.408
39,3900,10,OH,161573,1
39,4000,10,OH,141532,1
39,4101,10,OH,119201,1
39,4102,10,OH,117322,1
39,4103,10,OH,157098,1
39,4200,1,OH,212693,1
39,4301,8,OH,155523,1
39,4302,8,OH,212607,1
39,4401,1,OH,111988,1
39,4402,1,OH,99115,0.673
39,4402,2,OH,48191,0.327
39,4403,1,OH,46942,0.346
39,4403,2,OH,88684,0.654
39,4404,1,OH,32086,0.29
39,4404,2,OH,78425,0.71
39,4501,1,OH,108256,1
39,4501,2,OH,8,0
39,4502,1,OH,25410,0.265
39,4502,2,OH,70648,0.735
39,4503,1,OH,84542,0.913
39,4503,2,OH,8079,0.087
39,4601,2,OH,115378,1
39,4602,2,OH,126831,1
39,4700,2,OH,70448,0.652
39,4700,6,OH,37601,0.348
39,4800,6,OH,126609,1
40,100,3,OK,115029,1
40,200,3,OK,118703,1
40,300,3,OK,109917,1
40,400,3,OK,29600,0.135
40,400,4,OK,189803,0.865
40,500,2,OK,89320,0.397
40,500,4,OK,135536,0.603
40,600,1,OK,7054,0.027
40,600,2,OK,26194,0.102
40,600,3,OK,198176,0.771
40,600,5,OK,25482,0.099
40,700,2,OK,180072,1
40,800,2,OK,243372,1
40,900,1,OK,50976,0.267
40,900,2,OK,140159,0.733
40,1000,1,OK,88837,0.555
40,1000,2,OK,71153,0.445
40,1100,1,OK,385611,0.984
40,1100,3,OK,6136,0.016
40,1200,1,OK,217792,1
40,1301,4,OK,8,0
40,1301,5,OK,304069,1
40,1302,3,OK,42797,0.155
40,1302,4,OK,76793,0.279
40,1302,5,OK,156097,0.566
40,1400,4,OK,51845,0.21
40,1400,5,OK,195245,0.79
40,1500,4,OK,192091,1
40,1600,3,OK,76121,0.523
40,1600,5,OK,69378,0.477
40,1700,3,OK,53791,0.34
40,1700,4,OK,104194,0.66
41,100,2,OR,124779,1
41,200,2,OR,113952,1
41,300,2,OR,113010,1
41,400,2,OR,157733,1
41,500,1,OR,86390,0.548
41,500,5,OR,71284,0.452
41,600,4,OR,192243,0.951
41,600,5,OR,10004,0.049
41,701,4,OR,118204,1
41,702,4,OR,233511,1
41,800,2,OR,53535,0.318
41,800,4,OR,114585,0.682
41,900,2,OR,203206,1
41,1000,4,OR,107667,1
41,1101,5,OR,184120,1
41,1102,5,OR,131215,1
41,1200,1,OR,99194,0.568
41,1200,4,OR,4,0
41,1200,5,OR,75402,0.432
41,1301,3,OR,107184,1
41,1302,3,OR,121557,1
41,1303,3,OR,105036,0.975
41,1303,5,OR,2743,0.025
41,1304,1,OR,48167,0.385
41,1304,3,OR,72347,0.578
41,1304,5,OR,4558,0.036
41,1305,3,OR,113701,1
41,1306,3,OR,139773,1
41,1307,3,OR,89224,0.768
41,1307,5,OR,26986,0.232
41,1308,3,OR,17393,0.13
41,1308,5,OR,116450,0.87
41,1309,5,OR,122494,1
41,1310,1,OR,109989,0.84
41,1310,5,OR,20957,0.16
41,1311,1,OR,173150,1
41,1312,1,OR,140114,1
41,1313,1,OR,109213,1
42,100,16,PA,101759,1
42,200,16,PA,178807,1
42,300,15,PA,41815,0.32
42,300,16,PA,88765,0.68
42,400,12,PA,17457,0.178
42,400,15,PA,80481,0.822
42,500,12,PA,111031,1
42,600,8,PA,110197,0.718
42,600,12,PA,43356,0.282
42,700,7,PA,58456,0.344
42,700,8,PA,111364,0.656
42,801,8,PA,110441,1
42,802,8,PA,103996,0.786
42,802,12,PA,28276,0.214
42,901,8,PA,105152,1
42,902,8,PA,89671,0.801
42,902,9,PA,22323,0.199
42,903,8,PA,74850,0.438
42,903,9,PA,96217,0.562
42,1000,12,PA,116111,1
42,1100,9,PA,53731,0.476
42,1100,12,PA,59064,0.524
42,1200,12,PA,195205,1
42,1300,12,PA,89219,0.579
42,1300,15,PA,64771,0.421
42,1400,15,PA,126842,1
42,1500,15,PA,102688,1
42,1600,16,PA,116638,1
42,1701,17,PA,2,0
42,1701,18,PA,102316,1
42,1702,17,PA,17,0
42,1702,18,PA,93534,1
42,1703,17,PA,96,0.001
42,1703,18,PA,109780,0.999
42,1801,17,PA,154368,1
42,1802,17,PA,108691,1
42,1803,17,PA,124318,1
42,1803,18,PA,27,0
42,1804,14,PA,14,0
42,1804,17,PA,46817,0.263
42,1804,18,PA,130944,0.737
42,1805,17,PA,74966,0.658
42,1805,18,PA,38888,0.342
42,1806,17,PA,8385,0.079
42,1806,18,PA,97364,0.921
42,1807,14,PA,35,0
42,1807,18,PA,132833,1
42,1900,15,PA,37763,0.205
42,1900,16,PA,128610,0.699
42,1900,17,PA,17489,0.095
42,2001,16,PA,91108,0.846
42,2001,17,PA,16533,0.154
42,2002,17,PA,154006,1
42,2101,14,PA,102550,1
42,2102,14,PA,153911,1
42,2102,18,PA,2,0
42,2103,13,PA,42593,0.392
42,2103,14,PA,66056,0.608
42,2201,14,PA,149925,1
42,2202,14,PA,96581,1
42,2300,14,PA,136616,1
42,2400,15,PA,157821,1
42,2501,13,PA,50172,0.402
42,2501,15,PA,74545,0.598
42,2502,13,PA,77742,0.804
42,2502,15,PA,18962,0.196
42,2600,13,PA,127109,1
42,2700,13,PA,110500,1
42,2801,13,PA,125984,1
42,2802,13,PA,125041,1
42,2900,9,PA,133568,1
42,3001,10,PA,137681,1
42,3002,10,PA,130419,1
42,3101,10,PA,144116,1
42,3102,10,PA,44743,0.326
42,3102,12,PA,45969,0.335
42,3102,13,PA,46547,0.339
42,3201,10,PA,99770,0.803
42,3201,11,PA,24442,0.197
42,3202,10,PA,28468,0.15
42,3202,11,PA,161801,0.85
42,3203,10,PA,120491,1
42,3301,11,PA,179513,1
42,3302,11,PA,161134,1
42,3303,11,PA,178798,1
42,3401,6,PA,183632,0.85
42,3401,9,PA,32288,0.15
42,3402,4,PA,18330,0.094
42,3402,6,PA,23170,0.119
42,3402,9,PA,154022,0.788
42,3500,9,PA,148288,1
42,3600,7,PA,117928,1
42,3701,1,PA,13,0
42,3701,7,PA,170040,1
42,3702,7,PA,61456,0.485
42,3702,8,PA,16,0
42,3702,9,PA,65250,0.515
42,3801,7,PA,131866,1
42,3802,7,PA,165942,1
42,3901,1,PA,214577,1
42,3902,1,PA,154181,1
42,3903,1,PA,131741,1
42,3904,1,PA,124737,1
42,4001,1,PA,6901,0.062
42,4001,4,PA,104665,0.938
42,4002,1,PA,73537,0.428
42,4002,4,PA,98255,0.572
42,4003,4,PA,185196,1
42,4004,4,PA,114786,1
42,4005,4,PA,110777,1
42,4006,4,PA,73677,0.697
42,4006,5,PA,32079,0.303
42,4101,2,PA,159325,1
42,4102,2,PA,137838,1
42,4103,2,PA,121286,1
42,4104,2,PA,86374,0.535
42,4104,3,PA,74931,0.465
42,4105,2,PA,165463,0.982
42,4105,3,PA,3093,0.018
42,4106,3,PA,135892,1
42,4107,2,PA,22712,0.2
42,4107,3,PA,91060,0.8
42,4108,3,PA,123124,1
42,4109,2,PA,12690,0.099
42,4109,3,PA,116022,0.901
42,4110,3,PA,67409,0.533
42,4110,5,PA,59074,0.467
42,4111,3,PA,94157,0.629
42,4111,5,PA,55556,0.371
42,4201,5,PA,131139,1
42,4202,5,PA,163211,1
42,4203,5,PA,146072,1
42,4204,5,PA,118557,1
42,4301,4,PA,1,0
42,4301,6,PA,152554,1
42,4302,6,PA,184536,1
42,4303,6,PA,161796,1
44,100,1,RI,94687,0.532
44,100,2,RI,83355,0.468
44,200,1,RI,47037,0.301
44,200,2,RI,109156,0.699
44,300,1,RI,74583,0.647
44,300,2,RI,40636,0.353
44,400,1,RI,177213,1
44,500,1,RI,132763,1
44,600,2,RI,166158,1
44,700,2,RI,126979,1
45,100,3,SC,193503,1
45,201,3,SC,8430,0.032
45,201,4,SC,255141,0.968
45,202,3,SC,46522,0.248
45,202,4,SC,141132,0.752
45,301,4,SC,115412,1
45,302,4,SC,149081,0.883
45,302,5,SC,19814,0.117
45,400,5,SC,117443,1
45,500,5,SC,226073,1
45,600,3,SC,73021,0.57
45,600,5,SC,54980,0.43
45,700,3,SC,187120,1
45,800,2,SC,13,0
45,800,3,SC,152171,1
45,900,2,SC,160099,1
45,1001,2,SC,109619,1
45,1002,2,SC,152331,1
45,1100,2,SC,49839,0.412
45,1100,6,SC,71084,0.588
45,1200,2,SC,145806,0.552
45,1200,6,SC,118203,0.448
45,1300,5,SC,157569,0.771
45,1300,7,SC,46734,0.229
45,1400,7,SC,129669,1
45,1500,7,SC,269268,1
45,1600,6,SC,15039,0.088
45,1600,7,SC,154915,0.912
45,1700,5,SC,84887,0.79
45,1700,6,SC,22569,0.21
45,1800,2,SC,43059,0.242
45,1800,6,SC,134734,0.758
45,1900,1,SC,148174,0.792
45,1900,6,SC,38836,0.208
45,2000,1,SC,116473,0.665
45,2000,6,SC,58699,0.335
45,2101,1,SC,103038,0.536
45,2101,6,SC,89133,0.464
45,2102,1,SC,143370,0.905
45,2102,6,SC,15056,0.095
45,2200,1,SC,149711,0.842
45,2200,6,SC,28019,0.158
45,2300,6,SC,69394,0.536
45,2300,7,SC,60181,0.464
46,100,0,SD,125045,1
46,200,0,SD,104223,1
46,300,0,SD,102159,1
46,400,0,SD,111347,1
46,500,0,SD,98062,1
46,600,0,SD,135678,1
46,700,0,SD,137666,1
47,100,8,TN,177264,1
47,200,7,TN,56682,0.482
47,200,8,TN,60947,0.518
47,300,7,TN,172331,1
47,400,5,TN,78446,0.506
47,400,6,TN,76607,0.494
47,501,6,TN,139034,1
47,502,5,TN,14,0
47,502,6,TN,135605,1
47,600,4,TN,44951,0.234
47,600,6,TN,146862,0.766
47,700,1,TN,6819,0.055
47,700,2,TN,38029,0.307
47,700,3,TN,79115,0.638
47,801,1,TN,106352,1
47,802,1,TN,107304,1
47,900,1,TN,162812,1
47,1000,1,TN,122979,1
47,1100,1,TN,98206,0.813
47,1100,2,TN,22657,0.187
47,1200,1,TN,100651,0.712
47,1200,2,TN,40645,0.288
47,1301,2,TN,240813,1
47,1302,2,TN,15648,0.142
47,1302,3,TN,94238,0.858
47,1400,2,TN,175765,1
47,1500,2,TN,123010,1
47,1600,2,TN,48556,0.33
47,1600,3,TN,98700,0.67
47,1700,3,TN,96609,0.575
47,1700,4,TN,71445,0.425
47,1800,3,TN,166976,1
47,1900,3,TN,169481,1
47,2000,3,TN,6,0
47,2000,4,TN,112490,1
47,2100,6,TN,154215,1
47,2201,5,TN,155876,1
47,2202,5,TN,104563,1
47,2203,5,TN,141659,1
47,2204,5,TN,114713,1
47,2205,5,TN,109856,1
47,2300,4,TN,262604,1
47,2400,7,TN,183182,1
47,2500,4,TN,80775,0.605
47,2500,6,TN,52796,0.395
47,2600,4,TN,132855,0.848
47,2600,7,TN,23776,0.152
47,2700,7,TN,133141,1
47,2800,7,TN,118796,0.863
47,2800,8,TN,18787,0.137
47,2900,7,TN,17215,0.149
47,2900,8,TN,98294,0.851
47,3000,8,TN,127309,1
47,3101,9,TN,142968,1
47,3102,8,TN,19275,0.152
47,3102,9,TN,107642,0.848
47,3103,9,TN,126096,1
47,3104,8,TN,12252,0.105
47,3104,9,TN,104908,0.895
47,3105,9,TN,88898,1
47,3201,8,TN,102468,0.527
47,3201,9,TN,91897,0.473
47,3202,8,TN,88526,0.675
47,3202,9,TN,42714,0.325
48,100,13,TX,167798,0.902
48,100,19,TX,18331,0.098
48,200,13,TX,121073,1
48,300,13,TX,120725,1
48,400,13,TX,6595,0.05
48,400,19,TX,126233,0.95
48,501,19,TX,112013,1
48,502,19,TX,166818,1
48,600,12,TX,23320,0.151
48,600,13,TX,112362,0.729
48,600,19,TX,18550,0.12
48,700,13,TX,131500,1
48,800,4,TX,120877,0.759
48,800,13,TX,38435,0.241
48,900,4,TX,120044,1
48,1000,4,TX,158918,1
48,1100,4,TX,123029,1
48,1200,1,TX,27845,0.166
48,1200,4,TX,61087,0.364
48,1200,5,TX,78781,0.47
48,1300,1,TX,187361,1
48,1400,1,TX,209714,1
48,1500,1,TX,77126,0.603
48,1500,5,TX,50845,0.397
48,1600,1,TX,45147,0.386
48,1600,36,TX,71921,0.614
48,1700,1,TX,151295,1
48,1800,5,TX,137074,1
48,1900,6,TX,47735,0.332
48,1900,17,TX,61062,0.424
48,1900,25,TX,35089,0.244
48,2000,4,TX,78337,0.431
48,2000,5,TX,103266,0.569
48,2101,3,TX,229096,0.863
48,2101,4,TX,36196,0.136
48,2101,32,TX,66,0
48,2102,3,TX,214355,0.818
48,2102,32,TX,47591,0.182
48,2103,3,TX,139254,1
48,2104,3,TX,115783,1
48,2201,24,TX,72123,0.223
48,2201,26,TX,251345,0.777
48,2202,12,TX,47,0
48,2202,24,TX,41391,0.122
48,2202,26,TX,298545,0.878
48,2301,24,TX,3621,0.036
48,2301,30,TX,65311,0.654
48,2301,33,TX,30947,0.31
48,2302,5,TX,1922,0.015
48,2302,30,TX,46055,0.351
48,2302,32,TX,83318,0.635
48,2303,5,TX,14714,0.094
48,2303,30,TX,141845,0.906
48,2304,5,TX,78246,0.432
48,2304,30,TX,32677,0.18
48,2304,32,TX,70113,0.387
48,2305,24,TX,44342,0.329
48,2305,32,TX,90354,0.671
48,2306,5,TX,33114,0.192
48,2306,24,TX,11038,0.064
48,2306,30,TX,7085,0.041
48,2306,32,TX,81320,0.472
48,2306,33,TX,39562,0.23
48,2307,30,TX,48131,0.353
48,2307,33,TX,88130,0.647
48,2308,30,TX,147462,0.759
48,2308,33,TX,46854,0.241
48,2309,5,TX,10748,0.089
48,2309,32,TX,109671,0.911
48,2310,5,TX,8673,0.079
48,2310,32,TX,101634,0.921
48,2311,24,TX,129557,0.599
48,2311,33,TX,86736,0.401
48,2312,5,TX,143746,0.943
48,2312,32,TX,8688,0.057
48,2313,30,TX,69532,0.531
48,2313,33,TX,61300,0.469
48,2314,5,TX,29094,0.13
48,2314,30,TX,140389,0.629
48,2314,32,TX,53744,0.241
48,2315,5,TX,8265,0.04
48,2315,24,TX,142268,0.682
48,2315,26,TX,841,0.004
48,2315,32,TX,51989,0.249
48,2315,33,TX,5103,0.024
48,2400,6,TX,149610,1
48,2501,6,TX,25588,0.179
48,2501,12,TX,7520,0.053
48,2501,24,TX,49576,0.347
48,2501,33,TX,60124,0.421
48,2502,6,TX,1741,0.013
48,2502,12,TX,25028,0.193
48,2502,33,TX,102910,0.794
48,2503,6,TX,40628,0.175
48,2503,12,TX,180745,0.778
48,2503,33,TX,11062,0.048
48,2504,12,TX,164614,0.607
48,2504,26,TX,42732,0.158
48,2504,33,TX,63890,0.236
48,2505,6,TX,90848,0.619
48,2505,33,TX,55934,0.381
48,2506,6,TX,207550,0.926
48,2506,33,TX,16572,0.074
48,2507,12,TX,17468,0.119
48,2507,24,TX,129257,0.881
48,2508,6,TX,134520,0.801
48,2508,12,TX,18,0
48,2508,25,TX,7065,0.042
48,2508,33,TX,26354,0.157
48,2509,12,TX,76261,0.355
48,2509,24,TX,75329,0.351
48,2509,26,TX,61996,0.289
48,2509,33,TX,1200,0.006
48,2510,12,TX,66745,0.598
48,2510,26,TX,43029,0.386
48,2510,33,TX,1804,0.016
48,2511,6,TX,284,0.002
48,2511,12,TX,136708,0.998
48,2600,25,TX,150934,1
48,2700,11,TX,117639,0.727
48,2700,25,TX,44236,0.273
48,2800,11,TX,44816,0.384
48,2800,19,TX,71857,0.616
48,2900,19,TX,131506,1
48,3000,11,TX,113544,1
48,3100,11,TX,56332,0.512
48,3100,19,TX,35653,0.324
48,3100,23,TX,18030,0.164
48,3200,11,TX,136872,1
48,3300,11,TX,137130,1
48,3400,11,TX,14786,0.134
48,3400,19,TX,17526,0.159
48,3400,23,TX,77765,0.706
48,3501,16,TX,132440,1
48,3502,16,TX,109942,1
48,3503,16,TX,109621,1
48,3504,16,TX,202698,0.704
48,3504,23,TX,85318,0.296
48,3505,16,TX,143787,0.895
48,3505,23,TX,16841,0.105
48,3600,11,TX,77369,0.487
48,3600,21,TX,10497,0.066
48,3600,25,TX,70944,0.447
48,3701,31,TX,127220,1
48,3702,25,TX,31281,0.202
48,3702,31,TX,123232,0.798
48,3703,25,TX,78534,0.756
48,3703,31,TX,25356,0.244
48,3801,17,TX,103636,1
48,3802,17,TX,131270,1
48,3900,8,TX,47085,0.308
48,3900,10,TX,62135,0.406
48,3900,17,TX,43789,0.286
48,4000,17,TX,194851,1
48,4100,8,TX,132562,0.745
48,4100,36,TX,45410,0.255
48,4200,36,TX,136472,1
48,4300,14,TX,118296,1
48,4400,14,TX,133977,1
48,4501,8,TX,188827,1
48,4502,8,TX,136945,0.553
48,4502,36,TX,110742,0.447
48,4503,8,TX,129982,0.751
48,4503,10,TX,43205,0.249
48,4601,18,TX,40011,0.336
48,4601,29,TX,79108,0.664
48,4602,18,TX,64266,0.457
48,4602,29,TX,76286,0.543
48,4603,2,TX,63305,0.515
48,4603,18,TX,54121,0.44
48,4603,29,TX,5574,0.045
48,4604,2,TX,1380,0.01
48,4604,7,TX,143764,0.99
48,4604,9,TX,95,0.001
48,4605,2,TX,83486,0.67
48,4605,7,TX,15158,0.122
48,4605,18,TX,25876,0.208
48,4606,2,TX,6238,0.049
48,4606,18,TX,102340,0.798
48,4606,29,TX,19615,0.153
48,4607,2,TX,39364,0.254
48,4607,7,TX,13620,0.088
48,4607,9,TX,44427,0.287
48,4607,18,TX,57317,0.37
48,4608,7,TX,12490,0.093
48,4608,9,TX,99846,0.747
48,4608,18,TX,15925,0.119
48,4608,29,TX,5445,0.041
48,4609,7,TX,25000,0.218
48,4609,9,TX,89811,0.782
48,4610,7,TX,40691,0.317
48,4610,9,TX,87729,0.683
48,4611,9,TX,12534,0.098
48,4611,18,TX,14607,0.115
48,4611,29,TX,100392,0.787
48,4612,2,TX,24294,0.175
48,4612,7,TX,60176,0.434
48,4612,9,TX,54340,0.391
48,4613,7,TX,51514,0.382
48,4613,9,TX,83499,0.618
48,4614,36,TX,158614,1
48,4615,2,TX,12471,0.074
48,4615,18,TX,99148,0.585
48,4615,29,TX,57886,0.342
48,4616,2,TX,75150,0.481
48,4616,18,TX,81064,0.519
48,4617,2,TX,67540,0.233
48,4617,7,TX,79898,0.276
48,4617,8,TX,19733,0.068
48,4617,10,TX,122554,0.423
48,4618,2,TX,105424,0.414
48,4618,7,TX,139129,0.547
48,4618,10,TX,781,0.003
48,4618,18,TX,9043,0.036
48,4619,2,TX,81,0
48,4619,7,TX,83716,0.379
48,4619,9,TX,58322,0.264
48,4619,10,TX,78827,0.357
48,4620,2,TX,25,0
48,4620,7,TX,33332,0.244
48,4620,9,TX,15545,0.114
48,4620,22,TX,60910,0.445
48,4620,29,TX,17023,0.124
48,4620,36,TX,9950,0.073
48,4621,2,TX,118571,0.488
48,4621,8,TX,43354,0.178
48,4621,10,TX,45974,0.189
48,4621,18,TX,35092,0.144
48,4622,2,TX,15145,0.074
48,4622,18,TX,10952,0.053
48,4622,29,TX,109897,0.534
48,4622,36,TX,69652,0.339
48,4623,2,TX,86014,0.364
48,4623,18,TX,88726,0.375
48,4623,29,TX,61862,0.261
48,4624,9,TX,6433,0.041
48,4624,22,TX,39850,0.252
48,4624,29,TX,68584,0.433
48,4624,36,TX,43500,0.275
48,4625,29,TX,96816,0.65
48,4625,36,TX,52227,0.35
48,4701,9,TX,68068,0.18
48,4701,22,TX,309976,0.82
48,4702,9,TX,77843,0.375
48,4702,22,TX,129488,0.625
48,4801,14,TX,136806,1
48,4801,22,TX,59,0
48,4802,14,TX,18084,0.103
48,4802,22,TX,158217,0.897
48,4901,14,TX,107139,1
48,4902,14,TX,184170,1
48,5000,10,TX,20874,0.177
48,5000,27,TX,97245,0.823
48,5100,10,TX,79820,0.448
48,5100,17,TX,30325,0.17
48,5100,27,TX,50182,0.282
48,5100,35,TX,17833,0.1
48,5201,31,TX,227095,1
48,5202,10,TX,2,0
48,5202,31,TX,195579,1
48,5301,10,TX,88499,0.481
48,5301,17,TX,33124,0.18
48,5301,25,TX,25885,0.141
48,5301,35,TX,36626,0.199
48,5302,21,TX,70695,0.403
48,5302,25,TX,32853,0.187
48,5302,35,TX,71967,0.41
48,5303,10,TX,2960,0.015
48,5303,21,TX,82373,0.416
48,5303,25,TX,45880,0.232
48,5303,35,TX,66709,0.337
48,5304,10,TX,93607,0.55
48,5304,17,TX,22246,0.131
48,5304,21,TX,8901,0.052
48,5304,25,TX,45413,0.267
48,5304,31,TX,3,0
48,5401,10,TX,59251,0.204
48,5401,17,TX,78184,0.269
48,5401,21,TX,27043,0.093
48,5401,25,TX,86071,0.296
48,5401,35,TX,40324,0.139
48,5402,21,TX,36650,0.225
48,5402,25,TX,44293,0.272
48,5402,35,TX,81819,0.503
48,5500,15,TX,108688,0.453
48,5500,21,TX,77344,0.322
48,5500,35,TX,53973,0.225
48,5601,20,TX,19120,0.196
48,5601,35,TX,78430,0.804
48,5602,20,TX,68863,0.631
48,5602,23,TX,52,0
48,5602,35,TX,40251,0.369
48,5603,20,TX,12879,0.111
48,5603,23,TX,52400,0.453
48,5603,28,TX,706,0.006
48,5603,35,TX,49799,0.43
48,5604,20,TX,16657,0.127
48,5604,21,TX,26035,0.198
48,5604,23,TX,12,0
48,5604,28,TX,18402,0.14
48,5604,35,TX,70298,0.535
48,5605,20,TX,153815,0.8
48,5605,23,TX,37712,0.196
48,5605,35,TX,641,0.003
48,5606,20,TX,172229,0.941
48,5606,35,TX,10758,0.059
48,5607,20,TX,160551,0.767
48,5607,21,TX,28099,0.134
48,5607,23,TX,14414,0.069
48,5607,35,TX,6340,0.03
48,5608,21,TX,47070,0.38
48,5608,28,TX,10594,0.085
48,5608,35,TX,66245,0.535
48,5609,20,TX,32257,0.159
48,5609,23,TX,83859,0.413
48,5609,28,TX,82922,0.409
48,5609,35,TX,3864,0.019
48,5610,20,TX,55515,0.28
48,5610,21,TX,40748,0.205
48,5610,23,TX,55039,0.277
48,5610,28,TX,45732,0.23
48,5610,35,TX,1535,0.008
48,5611,20,TX,6602,0.044
48,5611,21,TX,111367,0.738
48,5611,23,TX,31885,0.211
48,5611,35,TX,1076,0.007
48,5700,15,TX,19012,0.127
48,5700,23,TX,5,0
48,5700,27,TX,13668,0.091
48,5700,28,TX,83641,0.558
48,5700,34,TX,33446,0.223
48,5800,21,TX,128357,0.67
48,5800,23,TX,63218,0.33
48,5900,21,TX,3309,0.02
48,5900,23,TX,161938,0.97
48,5900,28,TX,1763,0.011
48,6000,28,TX,250304,1
48,6100,15,TX,23313,0.183
48,6100,27,TX,30541,0.24
48,6100,28,TX,707,0.006
48,6100,34,TX,72699,0.571
48,6200,27,TX,122249,1
48,6301,27,TX,121360,1
48,6302,27,TX,183853,1
48,6400,27,TX,79389,0.795
48,6400,34,TX,20425,0.205
48,6500,15,TX,12523,0.088
48,6500,28,TX,74986,0.528
48,6500,34,TX,54611,0.384
48,6600,15,TX,124153,1
48,6701,15,TX,135826,0.775
48,6701,28,TX,39513,0.225
48,6702,15,TX,58621,0.397
48,6702,28,TX,89218,0.603
48,6703,15,TX,108076,0.66
48,6703,34,TX,55583,0.34
48,6704,15,TX,108276,0.661
48,6704,34,TX,55503,0.339
48,6800,34,TX,170626,1
48,6900,34,TX,235594,1
49,100,1,UT,164895,0.739
49,100,2,UT,58218,0.261
49,200,1,UT,231236,1
49,301,1,UT,172805,1
49,301,2,UT,71,0
49,302,1,UT,23988,0.18
49,302,2,UT,109615,0.82
49,400,1,UT,98047,0.551
49,400,3,UT,79880,0.449
49,501,2,UT,173833,0.935
49,501,4,UT,12036,0.065
49,502,2,UT,8770,0.048
49,502,3,UT,40964,0.226
49,502,4,UT,131598,0.726
49,503,2,UT,78422,0.522
49,503,4,UT,71827,0.478
49,504,2,UT,1606,0.011
49,504,3,UT,46610,0.316
49,504,4,UT,99373,0.673
49,505,2,UT,211,0.002
49,505,4,UT,113580,0.998
49,506,2,UT,2054,0.016
49,506,4,UT,125531,0.984
49,507,3,UT,89624,0.727
49,507,4,UT,33649,0.273
49,601,3,UT,158140,1
49,602,3,UT,112570,1
49,603,3,UT,163184,0.664
49,603,4,UT,82637,0.336
49,700,2,UT,258171,0.926
49,700,4,UT,20740,0.074
50,100,0,VT,211261,1
50,200,0,VT,148783,1
50,300,0,VT,130109,1
50,400,0,VT,135588,1
51,100,8,VA,207637,1
51,200,8,VA,139956,1
51,301,8,VA,160419,0.714
51,301,10,VA,13022,0.058
51,301,11,VA,51095,0.228
51,302,8,VA,193372,0.957
51,302,11,VA,8620,0.043
51,303,8,VA,25982,0.123
51,303,10,VA,3003,0.014
51,303,11,VA,182304,0.863
51,304,10,VA,85960,0.49
51,304,11,VA,89302,0.51
51,305,10,VA,84421,0.278
51,305,11,VA,219123,0.722
51,400,6,VA,41993,0.287
51,400,10,VA,104508,0.713
51,501,1,VA,112379,0.505
51,501,5,VA,2,0
51,501,10,VA,110106,0.494
51,501,11,VA,186,0.001
51,502,1,VA,54689,0.236
51,502,11,VA,176736,0.764
51,600,1,VA,14762,0.034
51,600,5,VA,50572,0.118
51,600,6,VA,37442,0.087
51,600,10,VA,326345,0.76
51,700,5,VA,20681,0.087
51,700,6,VA,149270,0.631
51,700,7,VA,66634,0.282
51,800,1,VA,152545,1
51,900,1,VA,54445,0.282
51,900,7,VA,138910,0.718
51,1000,5,VA,186539,1
51,1100,5,VA,15020,0.074
51,1100,6,VA,161553,0.792
51,1100,9,VA,27401,0.134
51,1200,4,VA,204202,1
51,1200,7,VA,4,0
51,1300,4,VA,84210,0.274
51,1300,7,VA,222733,0.726
51,1400,4,VA,95473,0.302
51,1400,7,VA,220763,0.698
51,1500,1,VA,99863,0.667
51,1500,7,VA,49763,0.333
51,1600,6,VA,97027,0.796
51,1600,9,VA,24802,0.204
51,1700,6,VA,102338,0.815
51,1700,9,VA,23191,0.185
51,1800,5,VA,100051,0.421
51,1800,6,VA,137610,0.579
51,1900,1,VA,123965,0.731
51,1900,2,VA,45553,0.269
51,1900,7,VA,16,0
51,2000,2,VA,295,0.002
51,2000,3,VA,180685,0.998
51,2100,2,VA,33630,0.245
51,2100,3,VA,103806,0.755
51,2200,1,VA,96289,0.471
51,2200,2,VA,107975,0.529
51,2200,3,VA,2,0
51,2300,1,VA,18429,0.114
51,2300,4,VA,143404,0.886
51,2400,9,VA,178237,1
51,2500,9,VA,115797,1
51,2600,9,VA,128096,1
51,2700,9,VA,157852,1
51,2801,2,VA,120279,1
51,2802,2,VA,156722,1
51,2803,2,VA,160993,1
51,2900,2,VA,82672,0.34
51,2900,3,VA,160131,0.66
51,3000,3,VA,110405,0.497
51,3000,4,VA,111804,0.503
51,3100,3,VA,183002,0.85
51,3100,4,VA,32388,0.15
51,3200,3,VA,8582,0.067
51,3200,4,VA,55885,0.438
51,3200,5,VA,63075,0.495
51,3300,5,VA,70631,0.495
51,3300,9,VA,71990,0.505
51,3400,5,VA,114366,0.8
51,3400,7,VA,28543,0.2
51,3500,5,VA,106561,1
53,100,1,WA,102973,0.512
53,100,2,WA,98167,0.488
53,200,1,WA,50523,0.239
53,200,2,WA,160653,0.761
53,300,4,WA,63094,0.327
53,300,8,WA,129825,0.673
53,400,4,WA,107848,0.591
53,400,5,WA,74653,0.409
53,500,5,WA,205851,1
53,601,5,WA,128926,1
53,602,5,WA,136444,1
53,700,4,WA,4943,0.038
53,700,5,WA,126581,0.962
53,800,4,WA,253332,1
53,901,4,WA,109873,1
53,902,4,WA,133366,1
53,1001,1,WA,13874,0.089
53,1001,2,WA,142447,0.911
53,1002,2,WA,119233,0.728
53,1002,7,WA,44621,0.272
53,1003,1,WA,98841,0.743
53,1003,2,WA,34137,0.257
53,1004,1,WA,119313,0.955
53,1004,2,WA,5583,0.045
53,1005,1,WA,22941,0.17
53,1005,2,WA,112345,0.83
53,1100,3,WA,137772,1
53,1201,3,WA,12938,0.101
53,1201,10,WA,115792,0.899
53,1202,10,WA,123534,1
53,1300,6,WA,140870,0.709
53,1300,9,WA,18159,0.091
53,1300,10,WA,39636,0.2
53,1401,6,WA,749,0.004
53,1401,8,WA,77124,0.441
53,1401,9,WA,4299,0.025
53,1401,10,WA,92745,0.53
53,1402,8,WA,46325,0.235
53,1402,10,WA,150584,0.765
53,1403,6,WA,3,0
53,1403,10,WA,103222,1
53,1404,6,WA,61642,0.507
53,1404,8,WA,29699,0.244
53,1404,10,WA,30212,0.249
53,1500,3,WA,96375,0.57
53,1500,6,WA,72797,0.43
53,1600,6,WA,145245,0.897
53,1600,10,WA,16730,0.103
53,1701,6,WA,123226,1
53,1702,6,WA,127916,1
53,1801,7,WA,137644,1
53,1802,7,WA,118748,1
53,1803,7,WA,110224,0.943
53,1803,9,WA,6667,0.057
53,1804,7,WA,32171,0.3
53,1804,9,WA,75240,0.7
53,1805,7,WA,83967,0.657
53,1805,9,WA,43897,0.343
53,1900,9,WA,119604,1
53,2001,1,WA,60342,0.479
53,2001,7,WA,65605,0.521
53,2002,1,WA,146015,1
53,2002,9,WA,9,0
53,2003,1,WA,847,0.006
53,2003,8,WA,91562,0.677
53,2003,9,WA,42845,0.317
53,2004,8,WA,25136,0.184
53,2004,9,WA,111489,0.816
53,2005,7,WA,68730,0.555
53,2005,9,WA,55074,0.445
53,2006,8,WA,50681,0.391
53,2006,9,WA,79036,0.609
53,2007,7,WA,10724,0.089
53,2007,9,WA,110057,0.911
53,2008,8,WA,132273,0.971
53,2008,9,WA,3917,0.029
53,2009,1,WA,56661,0.381
53,2009,8,WA,89843,0.604
53,2009,9,WA,2188,0.015
53,2101,3,WA,128191,1
53,2102,3,WA,137813,1
53,2200,3,WA,159359,1
54,100,1,WV,148878,1
54,200,1,WV,150614,1
54,300,1,WV,129709,1
54,400,1,WV,40149,0.154
54,400,2,WV,220892,0.846
54,500,1,WV,32423,0.277
54,500,2,WV,84554,0.723
54,600,1,WV,114218,0.665
54,600,2,WV,57482,0.335
54,700,3,WV,123643,1
54,800,2,WV,257934,0.913
54,800,3,WV,24629,0.087
54,900,3,WV,125625,1
54,1000,3,WV,106288,1
54,1100,3,WV,108167,1
54,1200,3,WV,127789,1
55,100,7,WI,178774,1
55,200,8,WI,103986,1
55,300,8,WI,144026,1
55,400,3,WI,43857,0.173
55,400,7,WI,209110,0.827
55,500,3,WI,135134,0.839
55,500,7,WI,26017,0.161
55,600,3,WI,155882,0.507
55,600,7,WI,151877,0.493
55,700,3,WI,195800,0.967
55,700,7,WI,6630,0.033
55,800,2,WI,81053,0.553
55,800,3,WI,65541,0.447
55,900,3,WI,114638,1
55,1000,2,WI,61976,0.299
55,1000,5,WI,36503,0.176
55,1000,6,WI,109089,0.526
55,1100,2,WI,227088,1
55,1200,2,WI,260985,1
55,1300,6,WI,81442,0.381
55,1300,7,WI,4423,0.021
55,1300,8,WI,127768,0.598
55,1400,6,WI,160584,0.62
55,1400,8,WI,98591,0.38
55,1500,6,WI,156153,0.398
55,1500,8,WI,236502,0.602
55,1600,7,WI,134063,1
55,1700,1,WI,91002,0.489
55,1700,5,WI,94912,0.511
55,1800,1,WI,166426,1
55,1900,1,WI,195408,1
55,2001,4,WI,166484,1
55,2002,4,WI,135891,1
55,2003,4,WI,130515,1
55,2004,4,WI,161884,1
55,2004,5,WI,27,0
55,2101,4,WI,63046,0.567
55,2101,5,WI,46396,0.417
55,2101,6,WI,1695,0.015
55,2102,1,WI,91640,0.379
55,2102,4,WI,53053,0.219
55,2102,5,WI,97104,0.402
55,2201,1,WI,31356,0.203
55,2201,5,WI,122873,0.797
55,2202,1,WI,48170,0.421
55,2202,5,WI,66185,0.579
55,2203,1,WI,6281,0.052
55,2203,5,WI,115026,0.948
55,2300,5,WI,131887,0.604
55,2300,6,WI,86395,0.396
55,2400,1,WI,80559,0.502
55,2400,2,WI,79772,0.498
55,2500,6,WI,115507,1
56,100,0,WY,142776,1
56,200,0,WY,131458,1
56,300,0,WY,161355,1
56,400,0,WY,128037,1