CountyGEOID,CountyName,CountyNameLSAD
31039,Cuming,Cuming County
53069,Wahkiakum,Wahkiakum County
35011,De Baca,De Baca County
31109,Lancaster,Lancaster County
31129,Nuckolls,Nuckolls County
72085,Las Piedras,Las Piedras Municipio
46099,Minnehaha,Minnehaha County
48327,Menard,Menard County
6091,Sierra,Sierra County
21053,Clinton,Clinton County
39063,Hancock,Hancock County
48189,Hale,Hale County
1027,Clay,Clay County
48011,Armstrong,Armstrong County
39003,Allen,Allen County
13189,McDuffie,McDuffie County
55111,Sauk,Sauk County
5137,Stone,Stone County
41063,Wallowa,Wallowa County
42007,Beaver,Beaver County
28061,Jasper,Jasper County
29083,Henry,Henry County
8109,Saguache,Saguache County
37037,Chatham,Chatham County
49033,Rich,Rich County
40001,Adair,Adair County
39085,Lake,Lake County
51775,Salem,Salem city
51121,Montgomery,Montgomery County
47065,Hamilton,Hamilton County
35035,Otero,Otero County
35003,Catron,Catron County
1091,Marengo,Marengo County
56023,Lincoln,Lincoln County
29011,Barton,Barton County
48057,Calhoun,Calhoun County
51735,Poquoson,Poquoson city
54075,Pocahontas,Pocahontas County
48077,Clay,Clay County
51095,James City,James City County
31101,Keith,Keith County
31137,Phelps,Phelps County
22019,Calcasieu,Calcasieu Parish
22111,Union,Union Parish
40135,Sequoyah,Sequoyah County
1049,DeKalb,DeKalb County
36101,Steuben,Steuben County
42053,Forest,Forest County
22105,Tangipahoa,Tangipahoa Parish
51179,Stafford,Stafford County
26109,Menominee,Menominee County
18073,Jasper,Jasper County
13025,Brantley,Brantley County
13171,Lamar,Lamar County
18151,Steuben,Steuben County
48361,Orange,Orange County
39047,Fayette,Fayette County
25015,Hampshire,Hampshire County
21003,Allen,Allen County
37001,Alamance,Alamance County
20073,Greenwood,Greenwood County
25025,Suffolk,Suffolk County
16051,Jefferson,Jefferson County
48177,Gonzales,Gonzales County
47115,Marion,Marion County
26007,Alpena,Alpena County
21231,Wayne,Wayne County
47185,White,White County
48147,Fannin,Fannin County
20043,Doniphan,Doniphan County
48265,Kerr,Kerr County
12053,Hernando,Hernando County
12129,Wakulla,Wakulla County
12131,Walton,Walton County
28017,Chickasaw,Chickasaw County
2130,Ketchikan Gateway,Ketchikan Gateway Borough
26035,Clare,Clare County
20157,Republic,Republic County
12127,Volusia,Volusia County
40017,Canadian,Canadian County
72115,Quebradillas,Quebradillas Municipio
78030,St. Thomas,St. Thomas Island
13115,Floyd,Floyd County
32001,Churchill,Churchill County
31181,Webster,Webster County
17067,Hancock,Hancock County
46067,Hutchinson,Hutchinson County
41013,Crook,Crook County
50011,Franklin,Franklin County
26103,Marquette,Marquette County
37057,Davidson,Davidson County
17025,Clay,Clay County
29103,Knox,Knox County
29117,Livingston,Livingston County
42117,Tioga,Tioga County
31043,Dakota,Dakota County
26089,Leelanau,Leelanau County
51181,Surry,Surry County
48391,Refugio,Refugio County
39017,Butler,Butler County
13273,Terrell,Terrell County
13063,Clayton,Clayton County
56013,Fremont,Fremont County
18115,Ohio,Ohio County
13073,Columbia,Columbia County
8115,Sedgwick,Sedgwick County
30065,Musselshell,Musselshell County
42043,Dauphin,Dauphin County
46101,Moody,Moody County
54079,Putnam,Putnam County
34037,Sussex,Sussex County
20039,Decatur,Decatur County
18123,Perry,Perry County
28145,Union,Union County
31015,Boyd,Boyd County
27095,Mille Lacs,Mille Lacs County
38099,Walsh,Walsh County
39115,Morgan,Morgan County
39133,Portage,Portage County
56041,Uinta,Uinta County
32013,Humboldt,Humboldt County
48247,Jim Hogg,Jim Hogg County
8017,Cheyenne,Cheyenne County
41005,Clackamas,Clackamas County
5113,Polk,Polk County
13193,Macon,Macon County
18007,Benton,Benton County
47129,Morgan,Morgan County
46043,Douglas,Douglas County
24047,Worcester,Worcester County
17185,Wabash,Wabash County
18069,Huntington,Huntington County
21209,Scott,Scott County
19053,Decatur,Decatur County
18169,Wabash,Wabash County
18003,Allen,Allen County
18099,Marshall,Marshall County
31171,Thomas,Thomas County
38085,Sioux,Sioux County
48127,Dimmit,Dimmit County
27045,Fillmore,Fillmore County
45023,Chester,Chester County
27073,Lac qui Parle,Lac qui Parle County
49005,Cache,Cache County
55093,Pierce,Pierce County
13049,Charlton,Charlton County
13233,Polk,Polk County
17113,McLean,McLean County
23001,Androscoggin,Androscoggin County
16055,Kootenai,Kootenai County
32003,Clark,Clark County
20147,Phillips,Phillips County
31089,Holt,Holt County
29101,Johnson,Johnson County
55063,La Crosse,La Crosse County
22021,Caldwell,Caldwell Parish
21061,Edmonson,Edmonson County
17005,Bond,Bond County
17009,Brown,Brown County
27085,McLeod,McLeod County
55033,Dunn,Dunn County
8027,Custer,Custer County
29123,Madison,Madison County
48353,Nolan,Nolan County
42127,Wayne,Wayne County
36091,Saratoga,Saratoga County
48041,Brazos,Brazos County
40095,Marshall,Marshall County
24001,Allegany,Allegany County
54103,Wetzel,Wetzel County
55053,Jackson,Jackson County
41007,Clatsop,Clatsop County
53041,Lewis,Lewis County
36003,Allegany,Allegany County
19031,Cedar,Cedar County
18117,Orange,Orange County
13089,DeKalb,DeKalb County
13227,Pickens,Pickens County
30015,Chouteau,Chouteau County
31017,Brown,Brown County
47013,Campbell,Campbell County
37069,Franklin,Franklin County
24510,Baltimore,Baltimore city
20111,Lyon,Lyon County
19027,Carroll,Carroll County
22107,Tensas,Tensas Parish
47123,Monroe,Monroe County
20075,Hamilton,Hamilton County
19151,Pocahontas,Pocahontas County
16045,Gem,Gem County
5063,Independence,Independence County
5085,Lonoke,Lonoke County
18111,Newton,Newton County
13119,Franklin,Franklin County
12051,Hendry,Hendry County
13265,Taliaferro,Taliaferro County
48245,Jefferson,Jefferson County
30059,Meagher,Meagher County
8067,La Plata,La Plata County
48027,Bell,Bell County
28069,Kemper,Kemper County
5019,Clark,Clark County
41035,Klamath,Klamath County
36075,Oswego,Oswego County
72105,Naranjito,Naranjito Municipio
1019,Cherokee,Cherokee County
48019,Bandera,Bandera County
30087,Rosebud,Rosebud County
35059,Union,Union County
26153,Schoolcraft,Schoolcraft County
36111,Ulster,Ulster County
34007,Camden,Camden County
17083,Jersey,Jersey County
51085,Hanover,Hanover County
20199,Wallace,Wallace County
26003,Alger,Alger County
5049,Fulton,Fulton County
48215,Hidalgo,Hidalgo County
37155,Robeson,Robeson County
26123,Newaygo,Newaygo County
41049,Morrow,Morrow County
27153,Todd,Todd County
5083,Logan,Logan County
37109,Lincoln,Lincoln County
5091,Miller,Miller County
12095,Orange,Orange County
8111,San Juan,San Juan County
16041,Franklin,Franklin County
13045,Carroll,Carroll County
20161,Riley,Riley County
48413,Schleicher,Schleicher County
51167,Russell,Russell County
37027,Caldwell,Caldwell County
16065,Madison,Madison County
18173,Warrick,Warrick County
21001,Adair,Adair County
21077,Gallatin,Gallatin County
21097,Harrison,Harrison County
23023,Sagadahoc,Sagadahoc County
30097,Sweet Grass,Sweet Grass County
48181,Grayson,Grayson County
42059,Greene,Greene County
2188,Northwest Arctic,Northwest Arctic Borough
20051,Ellis,Ellis County
1065,Hale,Hale County
1105,Perry,Perry County
1033,Colbert,Colbert County
20151,Pratt,Pratt County
21017,Bourbon,Bourbon County
47149,Rutherford,Rutherford County
13075,Cook,Cook County
20101,Lane,Lane County
40059,Harper,Harper County
17147,Piatt,Piatt County
48107,Crosby,Crosby County
72053,Fajardo,Fajardo Municipio
1063,Greene,Greene County
16033,Clark,Clark County
19109,Kossuth,Kossuth County
72151,Yabucoa,Yabucoa Municipio
38013,Burke,Burke County
37063,Durham,Durham County
19085,Harrison,Harrison County
31103,Keya Paha,Keya Paha County
19187,Webster,Webster County
17151,Pope,Pope County
47159,Smith,Smith County
51089,Henry,Henry County
51510,Alexandria,Alexandria city
19101,Jefferson,Jefferson County
30049,Lewis and Clark,Lewis and Clark County
49013,Duchesne,Duchesne County
40003,Alfalfa,Alfalfa County
48119,Delta,Delta County
47169,Trousdale,Trousdale County
21193,Perry,Perry County
46039,Deuel,Deuel County
41029,Jackson,Jackson County
72067,Hormigueros,Hormigueros Municipio
48507,Zavala,Zavala County
31007,Banner,Banner County
19121,Madison,Madison County
12011,Broward,Broward County
13279,Toombs,Toombs County
26151,Sanilac,Sanilac County
48397,Rockwall,Rockwall County
26163,Wayne,Wayne County
27105,Nobles,Nobles County
27001,Aitkin,Aitkin County
38071,Ramsey,Ramsey County
37145,Person,Person County
20195,Trego,Trego County
28151,Washington,Washington County
48133,Eastland,Eastland County
28055,Issaquena,Issaquena County
48123,DeWitt,DeWitt County
48005,Angelina,Angelina County
45081,Saluda,Saluda County
29125,Maries,Maries County
5001,Arkansas,Arkansas County
29109,Lawrence,Lawrence County
51540,Charlottesville,Charlottesville city
17011,Bureau,Bureau County
39145,Scioto,Scioto County
37115,Madison,Madison County
16053,Jerome,Jerome County
39163,Vinton,Vinton County
48309,McLennan,McLennan County
16037,Custer,Custer County
19089,Howard,Howard County
12099,Palm Beach,Palm Beach County
13181,Lincoln,Lincoln County
1013,Butler,Butler County
47165,Sumner,Sumner County
51097,King and Queen,King and Queen County
5015,Carroll,Carroll County
51820,Waynesboro,Waynesboro city
2220,Sitka,Sitka City and Borough
41051,Multnomah,Multnomah County
47061,Grundy,Grundy County
27057,Hubbard,Hubbard County
38081,Sargent,Sargent County
36089,St. Lawrence,St. Lawrence County
29179,Reynolds,Reynolds County
6067,Sacramento,Sacramento County
39125,Paulding,Paulding County
18179,Wells,Wells County
51063,Floyd,Floyd County
6083,Santa Barbara,Santa Barbara County
54005,Boone,Boone County
28009,Benton,Benton County
21055,Crittenden,Crittenden County
19147,Palo Alto,Palo Alto County
19159,Ringgold,Ringgold County
37151,Randolph,Randolph County
24015,Cecil,Cecil County
18171,Warren,Warren County
31077,Greeley,Greeley County
31095,Jefferson,Jefferson County
31151,Saline,Saline County
21119,Knott,Knott County
19045,Clinton,Clinton County
27063,Jackson,Jackson County
27039,Dodge,Dodge County
27047,Freeborn,Freeborn County
6009,Calaveras,Calaveras County
25001,Barnstable,Barnstable County
51119,Middlesex,Middlesex County
42065,Jefferson,Jefferson County
18089,Lake,Lake County
47003,Bedford,Bedford County
47027,Clay,Clay County
17029,Coles,Coles County
47097,Lauderdale,Lauderdale County
41001,Baker,Baker County
36097,Schuyler,Schuyler County
26159,Van Buren,Van Buren County
17131,Mercer,Mercer County
21127,Lawrence,Lawrence County
21175,Morgan,Morgan County
21177,Muhlenberg,Muhlenberg County
17049,Effingham,Effingham County
47105,Loudon,Loudon County
46025,Clark,Clark County
15003,Honolulu,Honolulu County
12041,Gilchrist,Gilchrist County
18157,Tippecanoe,Tippecanoe County
42109,Snyder,Snyder County
48277,Lamar,Lamar County
12086,Miami-Dade,Miami-Dade County
31057,Dundy,Dundy County
48289,Leon,Leon County
8097,Pitkin,Pitkin County
38035,Grand Forks,Grand Forks County
18091,LaPorte,LaPorte County
18057,Hamilton,Hamilton County
51595,Emporia,Emporia city
40081,Lincoln,Lincoln County
20071,Greeley,Greeley County
13145,Harris,Harris County
13251,Screven,Screven County
72127,San Juan,San Juan Municipio
48433,Stonewall,Stonewall County
39069,Henry,Henry County
33009,Grafton,Grafton County
29145,Newton,Newton County
18129,Posey,Posey County
48311,McMullen,McMullen County
17035,Cumberland,Cumberland County
13297,Walton,Walton County
27121,Pope,Pope County
51157,Rappahannock,Rappahannock County
51009,Amherst,Amherst County
6111,Ventura,Ventura County
17033,Crawford,Crawford County
8093,Park,Park County
6037,Los Angeles,Los Angeles County
4027,Yuma,Yuma County
13129,Gordon,Gordon County
19025,Calhoun,Calhoun County
12055,Highlands,Highlands County
51580,Covington,Covington city
50017,Orange,Orange County
20113,McPherson,McPherson County
4021,Pinal,Pinal County
39051,Fulton,Fulton County
8003,Alamosa,Alamosa County
12017,Citrus,Citrus County
72049,Culebra,Culebra Municipio
72051,Dorado,Dorado Municipio
47041,DeKalb,DeKalb County
42031,Clarion,Clarion County
46097,Miner,Miner County
46073,Jerauld,Jerauld County
18031,Decatur,Decatur County
18037,Dubois,Dubois County
51057,Essex,Essex County
45089,Williamsburg,Williamsburg County
36031,Essex,Essex County
19195,Worth,Worth County
40063,Hughes,Hughes County
51027,Buchanan,Buchanan County
51005,Alleghany,Alleghany County
28087,Lowndes,Lowndes County
18143,Scott,Scott County
8099,Prowers,Prowers County
48435,Sutton,Sutton County
72121,Sabana Grande,Sabana Grande Municipio
40101,Muskogee,Muskogee County
29043,Christian,Christian County
72039,Ciales,Ciales Municipio
28073,Lamar,Lamar County
18137,Ripley,Ripley County
38057,Mercer,Mercer County
13147,Hart,Hart County
22049,Jackson,Jackson Parish
51133,Northumberland,Northumberland County
48157,Fort Bend,Fort Bend County
55047,Green Lake,Green Lake County
30073,Pondera,Pondera County
55127,Walworth,Walworth County
32021,Mineral,Mineral County
17057,Fulton,Fulton County
36103,Suffolk,Suffolk County
18161,Union,Union County
29119,McDonald,McDonald County
31157,Scotts Bluff,Scotts Bluff County
35047,San Miguel,San Miguel County
1081,Lee,Lee County
48367,Parker,Parker County
38021,Dickey,Dickey County
38003,Barnes,Barnes County
27143,Sibley,Sibley County
13293,Upson,Upson County
6097,Sonoma,Sonoma County
26033,Chippewa,Chippewa County
16019,Bonneville,Bonneville County
13013,Barrow,Barrow County
13183,Long,Long County
48271,Kinney,Kinney County
40115,Ottawa,Ottawa County
42033,Clearfield,Clearfield County
26037,Clinton,Clinton County
72133,Santa Isabel,Santa Isabel Municipio
17135,Montgomery,Montgomery County
28003,Alcorn,Alcorn County
28071,Lafayette,Lafayette County
22043,Grant,Grant Parish
29005,Atchison,Atchison County
17115,Macon,Macon County
26149,St. Joseph,St. Joseph County
17055,Franklin,Franklin County
30033,Garfield,Garfield County
31001,Adams,Adams County
27109,Olmsted,Olmsted County
34039,Union,Union County
72139,Trujillo Alto,Trujillo Alto Municipio
1097,Mobile,Mobile County
46087,McCook,McCook County
1057,Fayette,Fayette County
1017,Chambers,Chambers County
37131,Northampton,Northampton County
8081,Moffat,Moffat County
21087,Green,Green County
18047,Franklin,Franklin County
37013,Beaufort,Beaufort County
72073,Jayuya,Jayuya Municipio
38015,Burleigh,Burleigh County
37159,Rowan,Rowan County
26071,Iron,Iron County
27067,Kandiyohi,Kandiyohi County
21237,Wolfe,Wolfe County
48149,Fayette,Fayette County
46081,Lawrence,Lawrence County
23029,Washington,Washington County
48045,Briscoe,Briscoe County
26131,Ontonagon,Ontonagon County
28015,Carroll,Carroll County
41003,Benton,Benton County
27133,Rock,Rock County
42063,Indiana,Indiana County
22061,Lincoln,Lincoln Parish
42099,Perry,Perry County
46137,Ziebach,Ziebach County
48203,Harrison,Harrison County
26013,Baraga,Baraga County
40131,Rogers,Rogers County
29019,Boone,Boone County
72097,Mayagüez,Mayagüez Municipio
40015,Caddo,Caddo County
8059,Jefferson,Jefferson County
54011,Cabell,Cabell County
48383,Reagan,Reagan County
5141,Van Buren,Van Buren County
8117,Summit,Summit County
20035,Cowley,Cowley County
5071,Johnson,Johnson County
36041,Hamilton,Hamilton County
51045,Craig,Craig County
48083,Coleman,Coleman County
2290,Yukon-Koyukuk,Yukon-Koyukuk Census Area
4017,Navajo,Navajo County
28085,Lincoln,Lincoln County
48357,Ochiltree,Ochiltree County
48103,Crane,Crane County
56003,Big Horn,Big Horn County
47081,Hickman,Hickman County
28143,Tunica,Tunica County
29081,Harrison,Harrison County
72029,Canóvanas,Canóvanas Municipio
18005,Bartholomew,Bartholomew County
13223,Paulding,Paulding County
39015,Brown,Brown County
47141,Putnam,Putnam County
38101,Ward,Ward County
25027,Worcester,Worcester County
39091,Logan,Logan County
6031,Kings,Kings County
6073,San Diego,San Diego County
72123,Salinas,Salinas Municipio
13079,Crawford,Crawford County
72103,Naguabo,Naguabo Municipio
29037,Cass,Cass County
36027,Dutchess,Dutchess County
48477,Washington,Washington County
8101,Pueblo,Pueblo County
29067,Douglas,Douglas County
38009,Bottineau,Bottineau County
37051,Cumberland,Cumberland County
56017,Hot Springs,Hot Springs County
26001,Alcona,Alcona County
6061,Placer,Placer County
5129,Searcy,Searcy County
48305,Lynn,Lynn County
36077,Otsego,Otsego County
37153,Richmond,Richmond County
37093,Hoke,Hoke County
31131,Otoe,Otoe County
42023,Cameron,Cameron County
45035,Dorchester,Dorchester County
27161,Waseca,Waseca County
46015,Brule,Brule County
47177,Warren,Warren County
17023,Clark,Clark County
21201,Robertson,Robertson County
47095,Lake,Lake County
45015,Berkeley,Berkeley County
5051,Garland,Garland County
20139,Osage,Osage County
39155,Trumbull,Trumbull County
48333,Mills,Mills County
48359,Oldham,Oldham County
42019,Butler,Butler County
16049,Idaho,Idaho County
20115,Marion,Marion County
51029,Buckingham,Buckingham County
37025,Cabarrus,Cabarrus County
29225,Webster,Webster County
49011,Davis,Davis County
27033,Cottonwood,Cottonwood County
12093,Okeechobee,Okeechobee County
13291,Union,Union County
19013,Black Hawk,Black Hawk County
48403,Sabine,Sabine County
39131,Pike,Pike County
1125,Tuscaloosa,Tuscaloosa County
1131,Wilcox,Wilcox County
28097,Montgomery,Montgomery County
31099,Kearney,Kearney County
31087,Hitchcock,Hitchcock County
10003,New Castle,New Castle County
16081,Teton,Teton County
17161,Rock Island,Rock Island County
51073,Gloucester,Gloucester County
5133,Sevier,Sevier County
18017,Cass,Cass County
16077,Power,Power County
18015,Carroll,Carroll County
42101,Philadelphia,Philadelphia County
56043,Washakie,Washakie County
37029,Camden,Camden County
36109,Tompkins,Tompkins County
5069,Jefferson,Jefferson County
5079,Lincoln,Lincoln County
55123,Vernon,Vernon County
29093,Iron,Iron County
48223,Hopkins,Hopkins County
36001,Albany,Albany County
48225,Houston,Houston County
39111,Monroe,Monroe County
20165,Rush,Rush County
18107,Montgomery,Montgomery County
20187,Stanton,Stanton County
21129,Lee,Lee County
27071,Koochiching,Koochiching County
48029,Bexar,Bexar County
8013,Boulder,Boulder County
47089,Jefferson,Jefferson County
40097,Mayes,Mayes County
27165,Watonwan,Watonwan County
16013,Blaine,Blaine County
22053,Jefferson Davis,Jefferson Davis Parish
46119,Sully,Sully County
8031,Denver,Denver County
40029,Coal,Coal County
30011,Carter,Carter County
48461,Upton,Upton County
18051,Gibson,Gibson County
31105,Kimball,Kimball County
17093,Kendall,Kendall County
11001,District of Columbia,District of Columbia
8085,Montrose,Montrose County
27171,Wright,Wright County
55059,Kenosha,Kenosha County
8037,Eagle,Eagle County
6075,San Francisco,San Francisco County
8113,San Miguel,San Miguel County
2020,Anchorage,Anchorage Municipality
12109,St. Johns,St. Johns County
28019,Choctaw,Choctaw County
29079,Grundy,Grundy County
26085,Lake,Lake County
26139,Ottawa,Ottawa County
17031,Cook,Cook County
17059,Gallatin,Gallatin County
45047,Greenwood,Greenwood County
20059,Franklin,Franklin County
27027,Clay,Clay County
47075,Haywood,Haywood County
49003,Box Elder,Box Elder County
28139,Tippah,Tippah County
54051,Marshall,Marshall County
54035,Jackson,Jackson County
16039,Elmore,Elmore County
24005,Baltimore,Baltimore County
38005,Benson,Benson County
29163,Pike,Pike County
39087,Lawrence,Lawrence County
29201,Scott,Scott County
39001,Adams,Adams County
48143,Erath,Erath County
13137,Habersham,Habersham County
13319,Wilkinson,Wilkinson County
54061,Monongalia,Monongalia County
39033,Crawford,Crawford County
12027,DeSoto,DeSoto County
39059,Guernsey,Guernsey County
26015,Barry,Barry County
29209,Stone,Stone County
51760,Richmond,Richmond city
37169,Stokes,Stokes County
19039,Clarke,Clarke County
19065,Fayette,Fayette County
6041,Marin,Marin County
48381,Randall,Randall County
48401,Rusk,Rusk County
19181,Warren,Warren County
39161,Van Wert,Van Wert County
12043,Glades,Glades County
13199,Meriwether,Meriwether County
8023,Costilla,Costilla County
48099,Coryell,Coryell County
19001,Adair,Adair County
13053,Chattahoochee,Chattahoochee County
6043,Mariposa,Mariposa County
29089,Howard,Howard County
41047,Marion,Marion County
55079,Milwaukee,Milwaukee County
27139,Scott,Scott County
39129,Pickaway,Pickaway County
51145,Powhatan,Powhatan County
8014,Broomfield,Broomfield County
47099,Lawrence,Lawrence County
26009,Antrim,Antrim County
45069,Marlboro,Marlboro County
16009,Benewah,Benewah County
17103,Lee,Lee County
31127,Nemaha,Nemaha County
37031,Carteret,Carteret County
20149,Pottawatomie,Pottawatomie County
26075,Jackson,Jackson County
48091,Comal,Comal County
25019,Nantucket,Nantucket County
45009,Bamberg,Bamberg County
48007,Aransas,Aransas County
13019,Berrien,Berrien County
18165,Vermillion,Vermillion County
26143,Roscommon,Roscommon County
37005,Alleghany,Alleghany County
6035,Lassen,Lassen County
51610,Falls Church,Falls Church city
12081,Manatee,Manatee County
39119,Muskingum,Muskingum County
8015,Chaffee,Chaffee County
8025,Crowley,Crowley County
8043,Fremont,Fremont County
28109,Pearl River,Pearl River County
28111,Perry,Perry County
31041,Custer,Custer County
12013,Calhoun,Calhoun County
21117,Kenton,Kenton County
19037,Chickasaw,Chickasaw County
17037,DeKalb,DeKalb County
19081,Hancock,Hancock County
38089,Stark,Stark County
26095,Luce,Luce County
40019,Carter,Carter County
37139,Pasquotank,Pasquotank County
35055,Taos,Taos County
28011,Bolivar,Bolivar County
32023,Nye,Nye County
47073,Hawkins,Hawkins County
38011,Bowman,Bowman County
42057,Fulton,Fulton County
22055,Lafayette,Lafayette Parish
48237,Jack,Jack County
17175,Stark,Stark County
40055,Greer,Greer County
48211,Hemphill,Hemphill County
16069,Nez Perce,Nez Perce County
46129,Walworth,Walworth County
6055,Napa,Napa County
40033,Cotton,Cotton County
29221,Washington,Washington County
36011,Cayuga,Cayuga County
48417,Shackelford,Shackelford County
48407,San Jacinto,San Jacinto County
19061,Dubuque,Dubuque County
51075,Goochland,Goochland County
20181,Sherman,Sherman County
39139,Richland,Richland County
17001,Adams,Adams County
39021,Champaign,Champaign County
33019,Sullivan,Sullivan County
17075,Iroquois,Iroquois County
19157,Poweshiek,Poweshiek County
39169,Wayne,Wayne County
13113,Fayette,Fayette County
13141,Hancock,Hancock County
48259,Kendall,Kendall County
36039,Greene,Greene County
51137,Orange,Orange County
40089,McCurtain,McCurtain County
13277,Tift,Tift County
31025,Cass,Cass County
46077,Kingsbury,Kingsbury County
56009,Converse,Converse County
36043,Herkimer,Herkimer County
38047,Logan,Logan County
26053,Gogebic,Gogebic County
27005,Becker,Becker County
1095,Marshall,Marshall County
47173,Union,Union County
54057,Mineral,Mineral County
55003,Ashland,Ashland County
17053,Ford,Ford County
38029,Emmons,Emmons County
6089,Shasta,Shasta County
22113,Vermilion,Vermilion Parish
5121,Randolph,Randolph County
55085,Oneida,Oneida County
22035,East Carroll,East Carroll Parish
22037,East Feliciana,East Feliciana Parish
22087,St. Bernard,St. Bernard Parish
48481,Wharton,Wharton County
2198,Prince of Wales-Hyder,Prince of Wales-Hyder Census Area
2195,Petersburg,Petersburg Borough
48153,Floyd,Floyd County
2275,Wrangell,Wrangell City and Borough
21151,Madison,Madison County
47009,Blount,Blount County
30031,Gallatin,Gallatin County
45031,Darlington,Darlington County
1053,Escambia,Escambia County
13143,Haralson,Haralson County
20001,Allen,Allen County
17041,Douglas,Douglas County
51079,Greene,Greene County
66010,Guam,Guam
55137,Waushara,Waushara County
5065,Izard,Izard County
6053,Monterey,Monterey County
35017,Grant,Grant County
29131,Miller,Miller County
37193,Wilkes,Wilkes County
2110,Juneau,Juneau City and Borough
29165,Platte,Platte County
29021,Buchanan,Buchanan County
1083,Limestone,Limestone County
18065,Henry,Henry County
31143,Polk,Polk County
39123,Ottawa,Ottawa County
27107,Norman,Norman County
19165,Shelby,Shelby County
24013,Carroll,Carroll County
19011,Benton,Benton County
21159,Martin,Martin County
27025,Chisago,Chisago County
21189,Owsley,Owsley County
42015,Bradford,Bradford County
54029,Hancock,Hancock County
29051,Cole,Cole County
26021,Berrien,Berrien County
42061,Huntingdon,Huntingdon County
31045,Dawes,Dawes County
51141,Patrick,Patrick County
26119,Montmorency,Montmorency County
26135,Oscoda,Oscoda County
35007,Colfax,Colfax County
17163,St. Clair,St. Clair County
17189,Washington,Washington County
42009,Bedford,Bedford County
5127,Scott,Scott County
20099,Labette,Labette County
42073,Lawrence,Lawrence County
39067,Harrison,Harrison County
37003,Alexander,Alexander County
34009,Cape May,Cape May County
33005,Cheshire,Cheshire County
27089,Marshall,Marshall County
51101,King William,King William County
8055,Huerfano,Huerfano County
48255,Karnes,Karnes County
47023,Chester,Chester County
17171,Scott,Scott County
49027,Millard,Millard County
49029,Morgan,Morgan County
48257,Kaufman,Kaufman County
4011,Greenlee,Greenlee County
4013,Maricopa,Maricopa County
26129,Ogemaw,Ogemaw County
47087,Jackson,Jackson County
17159,Richland,Richland County
1009,Blount,Blount County
30051,Liberty,Liberty County
48131,Duval,Duval County
29173,Ralls,Ralls County
48251,Johnson,Johnson County
13061,Clay,Clay County
41023,Grant,Grant County
41011,Coos,Coos County
48159,Franklin,Franklin County
36113,Warren,Warren County
51113,Madison,Madison County
40005,Atoka,Atoka County
17129,Menard,Menard County
13015,Bartow,Bartow County
12069,Lake,Lake County
40111,Okmulgee,Okmulgee County
38083,Sheridan,Sheridan County
18049,Fulton,Fulton County
20091,Johnson,Johnson County
24009,Calvert,Calvert County
55129,Washburn,Washburn County
53031,Jefferson,Jefferson County
72003,Aguada,Aguada Municipio
27169,Winona,Winona County
28149,Warren,Warren County
29003,Andrew,Andrew County
29139,Montgomery,Montgomery County
20021,Cherokee,Cherokee County
37083,Halifax,Halifax County
35043,Sandoval,Sandoval County
21051,Clay,Clay County
42035,Clinton,Clinton County
41043,Linn,Linn County
55065,Lafayette,Lafayette County
40147,Washington,Washington County
54077,Preston,Preston County
69100,Rota,Rota Municipality
55135,Waupaca,Waupaca County
48137,Edwards,Edwards County
41037,Lake,Lake County
29153,Ozark,Ozark County
48473,Waller,Waller County
1099,Monroe,Monroe County
50009,Essex,Essex County
51111,Lunenburg,Lunenburg County
38097,Traill,Traill County
13139,Hall,Hall County
13283,Treutlen,Treutlen County
13037,Calhoun,Calhoun County
55125,Vilas,Vilas County
27007,Beltrami,Beltrami County
72043,Coamo,Coamo Municipio
72055,Guánica,Guánica Municipio
24019,Dorchester,Dorchester County
42037,Columbia,Columbia County
39023,Clark,Clark County
48323,Maverick,Maverick County
4019,Pima,Pima County
35006,Cibola,Cibola County
34005,Burlington,Burlington County
50021,Rutland,Rutland County
13099,Early,Early County
25007,Dukes,Dukes County
38049,McHenry,McHenry County
31179,Wayne,Wayne County
38045,LaMoure,LaMoure County
16023,Butte,Butte County
33007,Coos,Coos County
38043,Kidder,Kidder County
48273,Kleberg,Kleberg County
18127,Porter,Porter County
28101,Newton,Newton County
37163,Sampson,Sampson County
47127,Moore,Moore County
12103,Pinellas,Pinellas County
72019,Barranquitas,Barranquitas Municipio
17065,Hamilton,Hamilton County
5105,Perry,Perry County
20023,Cheyenne,Cheyenne County
8029,Delta,Delta County
19185,Wayne,Wayne County
48165,Gaines,Gaines County
1093,Marion,Marion County
37189,Watauga,Watauga County
51770,Roanoke,Roanoke city
48317,Martin,Martin County
48037,Bowie,Bowie County
49057,Weber,Weber County
29127,Marion,Marion County
36045,Jefferson,Jefferson County
19097,Jackson,Jackson County
38063,Nelson,Nelson County
36019,Clinton,Clinton County
8045,Garfield,Garfield County
29177,Ray,Ray County
39073,Hocking,Hocking County
1085,Lowndes,Lowndes County
13043,Candler,Candler County
19113,Linn,Linn County
6105,Trinity,Trinity County
13215,Muscogee,Muscogee County
28135,Tallahatchie,Tallahatchie County
20005,Atchison,Atchison County
72081,Lares,Lares Municipio
48003,Andrews,Andrews County
39109,Miami,Miami County
48375,Potter,Potter County
40133,Seminole,Seminole County
45003,Aiken,Aiken County
60020,Manu'a,Manu'a District
6045,Mendocino,Mendocino County
51550,Chesapeake,Chesapeake city
69120,Tinian,Tinian Municipality
72153,Yauco,Yauco Municipio
56037,Sweetwater,Sweetwater County
48169,Garza,Garza County
54031,Hardy,Hardy County
72001,Adjuntas,Adjuntas Municipio
55089,Ozaukee,Ozaukee County
47163,Sullivan,Sullivan County
45059,Laurens,Laurens County
56011,Crook,Crook County
55117,Sheboygan,Sheboygan County
25013,Hampden,Hampden County
48055,Caldwell,Caldwell County
20029,Cloud,Cloud County
6027,Inyo,Inyo County
1037,Coosa,Coosa County
19059,Dickinson,Dickinson County
21095,Harlan,Harlan County
20061,Geary,Geary County
42011,Berks,Berks County
47019,Carter,Carter County
27083,Lyon,Lyon County
51037,Charlotte,Charlotte County
47179,Washington,Washington County
45071,Newberry,Newberry County
51093,Isle of Wight,Isle of Wight County
41069,Wheeler,Wheeler County
29023,Butler,Butler County
22047,Iberville,Iberville Parish
28125,Sharkey,Sharkey County
51061,Fauquier,Fauquier County
51750,Radford,Radford city
32005,Douglas,Douglas County
12037,Franklin,Franklin County
18055,Greene,Greene County
18139,Rush,Rush County
55131,Washington,Washington County
29105,Laclede,Laclede County
42085,Mercer,Mercer County
5031,Craighead,Craighead County
29195,Saline,Saline County
17193,White,White County
17039,De Witt,De Witt County
32033,White Pine,White Pine County
27049,Goodhue,Goodhue County
37173,Swain,Swain County
12101,Pasco,Pasco County
12119,Sumter,Sumter County
36059,Nassau,Nassau County
38091,Steele,Steele County
18163,Vanderburgh,Vanderburgh County
29071,Franklin,Franklin County
37011,Avery,Avery County
54107,Wood,Wood County
55007,Bayfield,Bayfield County
47161,Stewart,Stewart County
55097,Portage,Portage County
45063,Lexington,Lexington County
24003,Anne Arundel,Anne Arundel County
55039,Fond du Lac,Fond du Lac County
54101,Webster,Webster County
55061,Kewaunee,Kewaunee County
48369,Parmer,Parmer County
40151,Woods,Woods County
21063,Elliott,Elliott County
25003,Berkshire,Berkshire County
29041,Chariton,Chariton County
8103,Rio Blanco,Rio Blanco County
8087,Morgan,Morgan County
41045,Malheur,Malheur County
34023,Middlesex,Middlesex County
20167,Russell,Russell County
17155,Putnam,Putnam County
46055,Haakon,Haakon County
47111,Macon,Macon County
5023,Cleburne,Cleburne County
1109,Pike,Pike County
16003,Adams,Adams County
25005,Bristol,Bristol County
42107,Schuylkill,Schuylkill County
38103,Wells,Wells County
37045,Cleveland,Cleveland County
5059,Hot Spring,Hot Spring County
24021,Frederick,Frederick County
17169,Schuyler,Schuyler County
6051,Mono,Mono County
6109,Tuolumne,Tuolumne County
35013,Doña Ana,Doña Ana County
13081,Crisp,Crisp County
5027,Columbia,Columbia County
38039,Griggs,Griggs County
6095,Solano,Solano County
19043,Clayton,Clayton County
48449,Titus,Titus County
54027,Hampshire,Hampshire County
37125,Moore,Moore County
20009,Barton,Barton County
38087,Slope,Slope County
22083,Richland,Richland Parish
31071,Garfield,Garfield County
22099,St. Martin,St. Martin Parish
1119,Sumter,Sumter County
1133,Winston,Winston County
12117,Seminole,Seminole County
28035,Forrest,Forrest County
26065,Ingham,Ingham County
20177,Shawnee,Shawnee County
46061,Hanson,Hanson County
27061,Itasca,Itasca County
8073,Lincoln,Lincoln County
36053,Madison,Madison County
36115,Washington,Washington County
18081,Johnson,Johnson County
48445,Terry,Terry County
35021,Harding,Harding County
1121,Talladega,Talladega County
55067,Langlade,Langlade County
48155,Foard,Foard County
19021,Buena Vista,Buena Vista County
19129,Mills,Mills County
48385,Real,Real County
39041,Delaware,Delaware County
37067,Forsyth,Forsyth County
32510,Carson City,Carson City
19049,Dallas,Dallas County
48065,Carson,Carson County
13261,Sumter,Sumter County
29223,Wayne,Wayne County
45007,Anderson,Anderson County
56007,Carbon,Carbon County
30093,Silver Bow,Silver Bow County
17177,Stephenson,Stephenson County
26087,Lapeer,Lapeer County
22027,Claiborne,Claiborne Parish
28161,Yalobusha,Yalobusha County
72093,Maricao,Maricao Municipio
26079,Kalkaska,Kalkaska County
72005,Aguadilla,Aguadilla Municipio
22039,Evangeline,Evangeline Parish
47069,Hardeman,Hardeman County
4003,Cochise,Cochise County
35023,Hidalgo,Hidalgo County
38023,Divide,Divide County
6071,San Bernardino,San Bernardino County
8083,Montezuma,Montezuma County
28023,Clarke,Clarke County
19125,Marion,Marion County
31055,Douglas,Douglas County
51600,Fairfax,Fairfax city
40057,Harmon,Harmon County
29039,Cedar,Cedar County
13059,Clarke,Clarke County
16085,Valley,Valley County
48275,Knox,Knox County
5103,Ouachita,Ouachita County
39037,Darke,Darke County
40071,Kay,Kay County
46041,Dewey,Dewey County
41057,Tillamook,Tillamook County
13077,Coweta,Coweta County
28127,Simpson,Simpson County
28131,Stone,Stone County
6013,Contra Costa,Contra Costa County
47017,Carroll,Carroll County
51087,Henrico,Henrico County
18119,Owen,Owen County
36119,Westchester,Westchester County
29017,Bollinger,Bollinger County
54047,McDowell,McDowell County
54033,Harrison,Harrison County
37077,Granville,Granville County
31139,Pierce,Pierce County
13023,Bleckley,Bleckley County
13033,Burke,Burke County
17181,Union,Union County
17091,Kankakee,Kankakee County
38051,McIntosh,McIntosh County
31141,Platte,Platte County
37185,Warren,Warren County
72009,Aibonito,Aibonito Municipio
13197,Marion,Marion County
46027,Clay,Clay County
10005,Sussex,Sussex County
13159,Jasper,Jasper County
29175,Randolph,Randolph County
20015,Butler,Butler County
48209,Hays,Hays County
48325,Medina,Medina County
26105,Mason,Mason County
45013,Beaufort,Beaufort County
46135,Yankton,Yankton County
55105,Rock,Rock County
45077,Pickens,Pickens County
53013,Columbia,Columbia County
18023,Clinton,Clinton County
17027,Clinton,Clinton County
16067,Minidoka,Minidoka County
42113,Sullivan,Sullivan County
28121,Rankin,Rankin County
48345,Motley,Motley County
41039,Lane,Lane County
48485,Wichita,Wichita County
26155,Shiawassee,Shiawassee County
20089,Jewell,Jewell County
20123,Mitchell,Mitchell County
12007,Bradford,Bradford County
28091,Marion,Marion County
28039,George,George County
17085,Jo Daviess,Jo Daviess County
18059,Hancock,Hancock County
51620,Franklin,Franklin city
48329,Midland,Midland County
20171,Scott,Scott County
30013,Cascade,Cascade County
51660,Harrisonburg,Harrisonburg city
17199,Williamson,Williamson County
30029,Flathead,Flathead County
72111,Peñuelas,Peñuelas Municipio
20189,Stevens,Stevens County
21067,Fayette,Fayette County
21091,Hancock,Hancock County
46013,Brown,Brown County
54001,Barbour,Barbour County
47181,Wayne,Wayne County
31013,Box Butte,Box Butte County
42097,Northumberland,Northumberland County
48469,Victoria,Victoria County
51530,Buena Vista,Buena Vista city
26147,St. Clair,St. Clair County
31173,Thurston,Thurston County
50015,Lamoille,Lamoille County
51067,Franklin,Franklin County
40011,Blaine,Blaine County
53037,Kittitas,Kittitas County
18135,Randolph,Randolph County
49025,Kane,Kane County
54093,Tucker,Tucker County
72113,Ponce,Ponce Municipio
55023,Crawford,Crawford County
1071,Jackson,Jackson County
19123,Mahaska,Mahaska County
20045,Douglas,Douglas County
21059,Daviess,Daviess County
21197,Powell,Powell County
29097,Jasper,Jasper County
41061,Union,Union County
13151,Henry,Henry County
38001,Adams,Adams County
37137,Pamlico,Pamlico County
21083,Graves,Graves County
42021,Cambria,Cambria County
47107,McMinn,McMinn County
26093,Livingston,Livingston County
8001,Adams,Adams County
42069,Lackawanna,Lackawanna County
40123,Pontotoc,Pontotoc County
40037,Creek,Creek County
48457,Tyler,Tyler County
47175,Van Buren,Van Buren County
40125,Pottawatomie,Pottawatomie County
35053,Socorro,Socorro County
13003,Atkinson,Atkinson County
12031,Duval,Duval County
48145,Falls,Falls County
5149,Yell,Yell County
20033,Comanche,Comanche County
21113,Jessamine,Jessamine County
21171,Monroe,Monroe County
40075,Kiowa,Kiowa County
46079,Lake,Lake County
37033,Caswell,Caswell County
48377,Presidio,Presidio County
39057,Greene,Greene County
48489,Willacy,Willacy County
72021,Bayamón,Bayamón Municipio
35028,Los Alamos,Los Alamos County
2122,Kenai Peninsula,Kenai Peninsula Borough
1003,Baldwin,Baldwin County
19007,Appanoose,Appanoose County
78010,St. Croix,St. Croix Island
51127,New Kent,New Kent County
13263,Talbot,Talbot County
36049,Lewis,Lewis County
54015,Clay,Clay County
18077,Jefferson,Jefferson County
51019,Bedford,Bedford County
35033,Mora,Mora County
31011,Boone,Boone County
29149,Oregon,Oregon County
47083,Houston,Houston County
42131,Wyoming,Wyoming County
37107,Lenoir,Lenoir County
18167,Vigo,Vigo County
18039,Elkhart,Elkhart County
51077,Grayson,Grayson County
48303,Lubbock,Lubbock County
27093,Meeker,Meeker County
39005,Ashland,Ashland County
31119,Madison,Madison County
12085,Martin,Martin County
8079,Mineral,Mineral County
13085,Dawson,Dawson County
13167,Johnson,Johnson County
5095,Monroe,Monroe County
29059,Dallas,Dallas County
51143,Pittsylvania,Pittsylvania County
2068,Denali,Denali Borough
20145,Pawnee,Pawnee County
20209,Wyandotte,Wyandotte County
12029,Dixie,Dixie County
26157,Tuscola,Tuscola County
2240,Southeast Fairbanks,Southeast Fairbanks Census Area
20065,Graham,Graham County
22097,St. Landry,St. Landry Parish
47055,Giles,Giles County
39095,Lucas,Lucas County
5093,Mississippi,Mississippi County
72117,Rincón,Rincón Municipio
18043,Floyd,Floyd County
20129,Morton,Morton County
21081,Grant,Grant County
21217,Taylor,Taylor County
37075,Graham,Graham County
54045,Logan,Logan County
54073,Pleasants,Pleasants County
51071,Giles,Giles County
54019,Fayette,Fayette County
53061,Snohomish,Snohomish County
35015,Eddy,Eddy County
31117,McPherson,McPherson County
31145,Red Willow,Red Willow County
31149,Rock,Rock County
47085,Humphreys,Humphreys County
17125,Mason,Mason County
51197,Wythe,Wythe County
13303,Washington,Washington County
53077,Yakima,Yakima County
5143,Washington,Washington County
48213,Henderson,Henderson County
55035,Eau Claire,Eau Claire County
47153,Sequatchie,Sequatchie County
48471,Walker,Walker County
4005,Coconino,Coconino County
20191,Sumner,Sumner County
26127,Oceana,Oceana County
27065,Kanabec,Kanabec County
39007,Ashtabula,Ashtabula County
6003,Alpine,Alpine County
48167,Galveston,Galveston County
1011,Bullock,Bullock County
17105,Livingston,Livingston County
39135,Preble,Preble County
39079,Jackson,Jackson County
48201,Harris,Harris County
25017,Middlesex,Middlesex County
72145,Vega Baja,Vega Baja Municipio
48115,Dawson,Dawson County
36069,Ontario,Ontario County
1001,Autauga,Autauga County
20121,Miami,Miami County
13091,Dodge,Dodge County
36023,Cortland,Cortland County
13039,Camden,Camden County
26161,Washtenaw,Washtenaw County
18087,LaGrange,LaGrange County
48371,Pecos,Pecos County
13225,Peach,Peach County
13311,White,White County
13163,Jefferson,Jefferson County
55083,Oconto,Oconto County
48347,Nacogdoches,Nacogdoches County
44009,Washington,Washington County
53047,Okanogan,Okanogan County
53063,Spokane,Spokane County
55041,Forest,Forest County
55113,Sawyer,Sawyer County
34017,Hudson,Hudson County
39151,Stark,Stark County
48187,Guadalupe,Guadalupe County
53029,Island,Island County
54037,Jefferson,Jefferson County
51153,Prince William,Prince William County
42029,Chester,Chester County
54055,Mercer,Mercer County
47145,Roane,Roane County
53009,Clallam,Clallam County
53065,Stevens,Stevens County
19177,Van Buren,Van Buren County
31073,Gosper,Gosper County
28095,Monroe,Monroe County
12033,Escambia,Escambia County
48439,Tarrant,Tarrant County
24033,Prince George's,Prince George's County
51169,Scott,Scott County
48239,Jackson,Jackson County
40085,Love,Love County
13289,Twiggs,Twiggs County
39099,Mahoning,Mahoning County
1087,Macon,Macon County
17191,Wayne,Wayne County
48437,Swisher,Swisher County
29151,Osage,Osage County
17089,Kane,Kane County
6017,El Dorado,El Dorado County
45055,Kershaw,Kershaw County
37073,Gates,Gates County
8089,Otero,Otero County
41019,Douglas,Douglas County
42089,Monroe,Monroe County
5101,Newton,Newton County
38019,Cavalier,Cavalier County
40103,Noble,Noble County
20063,Gove,Gove County
22077,Pointe Coupee,Pointe Coupee Parish
31067,Gage,Gage County
1115,St. Clair,St. Clair County
28123,Scott,Scott County
13095,Dougherty,Dougherty County
18061,Harrison,Harrison County
16017,Bonner,Bonner County
13047,Catoosa,Catoosa County
22059,LaSalle,LaSalle Parish
23027,Waldo,Waldo County
24027,Howard,Howard County
49035,Salt Lake,Salt Lake County
12087,Monroe,Monroe County
39157,Tuscarawas,Tuscarawas County
9110,Capitol,Capitol Planning Region
9120,Greater Bridgeport,Greater Bridgeport Planning Region
9130,Lower Connecticut River Valley,Lower Connecticut River Valley Planning Region
9140,Naugatuck Valley,Naugatuck Valley Planning Region
9150,Northeastern Connecticut,Northeastern Connecticut Planning Region
9160,Northwest Hills,Northwest Hills Planning Region
9170,South Central Connecticut,South Central Connecticut Planning Region
9180,Southeastern Connecticut,Southeastern Connecticut Planning Region
9190,Western Connecticut,Western Connecticut Planning Region
36085,Richmond,Richmond County
39071,Highland,Highland County
27077,Lake of the Woods,Lake of the Woods County
16011,Bingham,Bingham County
72023,Cabo Rojo,Cabo Rojo Municipio
72069,Humacao,Humacao Municipio
72077,Juncos,Juncos Municipio
45045,Greenville,Greenville County
46085,Lyman,Lyman County
55121,Trempealeau,Trempealeau County
6113,Yolo,Yolo County
48431,Sterling,Sterling County
48495,Winkler,Winkler County
46071,Jackson,Jackson County
49041,Sevier,Sevier County
51036,Charles City,Charles City County
1023,Choctaw,Choctaw County
18083,Knox,Knox County
31047,Dawson,Dawson County
20057,Ford,Ford County
38105,Williams,Williams County
38017,Cass,Cass County
17069,Hardin,Hardin County
31005,Arthur,Arthur County
48163,Frio,Frio County
19103,Johnson,Johnson County
20133,Neosho,Neosho County
21089,Greenup,Greenup County
20107,Linn,Linn County
49017,Garfield,Garfield County
32011,Eureka,Eureka County
31085,Hayes,Hayes County
8095,Phillips,Phillips County
5013,Calhoun,Calhoun County
2090,Fairbanks North Star,Fairbanks North Star Borough
21101,Henderson,Henderson County
28051,Holmes,Holmes County
28105,Oktibbeha,Oktibbeha County
72037,Ceiba,Ceiba Municipio
72047,Corozal,Corozal Municipio
30027,Fergus,Fergus County
24023,Garrett,Garrett County
22119,Webster,Webster Parish
26059,Hillsdale,Hillsdale County
21141,Logan,Logan County
46033,Custer,Custer County
33013,Merrimack,Merrimack County
42133,York,York County
37161,Rutherford,Rutherford County
46005,Beadle,Beadle County
1043,Cullman,Cullman County
13097,Douglas,Douglas County
31097,Johnson,Johnson County
37187,Washington,Washington County
46075,Jones,Jones County
37007,Anson,Anson County
2100,Haines,Haines Borough
38007,Billings,Billings County
31003,Antelope,Antelope County
29073,Gasconade,Gasconade County
21031,Butler,Butler County
78020,St. John,St. John Island
56005,Campbell,Campbell County
13211,Morgan,Morgan County
5037,Cross,Cross County
5107,Phillips,Phillips County
22093,St. James,St. James Parish
6115,Yuba,Yuba County
1117,Shelby,Shelby County
8091,Ouray,Ouray County
35009,Curry,Curry County
40149,Washita,Washita County
37135,Orange,Orange County
18131,Pulaski,Pulaski County
26019,Benzie,Benzie County
36029,Erie,Erie County
24031,Montgomery,Montgomery County
51685,Manassas Park,Manassas Park city
51013,Arlington,Arlington County
51035,Carroll,Carroll County
29183,St. Charles,St. Charles County
6069,San Benito,San Benito County
24035,Queen Anne's,Queen Anne's County
20013,Brown,Brown County
13031,Bulloch,Bulloch County
21071,Floyd,Floyd County
30007,Broadwater,Broadwater County
13309,Wheeler,Wheeler County
37049,Craven,Craven County
29087,Holt,Holt County
48295,Lipscomb,Lipscomb County
41009,Columbia,Columbia County
45041,Florence,Florence County
38061,Mountrail,Mountrail County
49053,Washington,Washington County
30003,Big Horn,Big Horn County
42047,Elk,Elk County
31165,Sioux,Sioux County
28031,Covington,Covington County
72099,Moca,Moca Municipio
18013,Brown,Brown County
18019,Clark,Clark County
21021,Boyle,Boyle County
21065,Estill,Estill County
48087,Collingsworth,Collingsworth County
48089,Colorado,Colorado County
17063,Grundy,Grundy County
27081,Lincoln,Lincoln County
13109,Evans,Evans County
48497,Wise,Wise County
2050,Bethel,Bethel Census Area
13307,Webster,Webster County
13169,Jones,Jones County
13135,Gwinnett,Gwinnett County
55095,Polk,Polk County
55045,Green,Green County
72107,Orocovis,Orocovis Municipio
36079,Putnam,Putnam County
51700,Newport News,Newport News city
8011,Bent,Bent County
40065,Jackson,Jackson County
30089,Sanders,Sanders County
48173,Glasscock,Glasscock County
5047,Franklin,Franklin County
40093,Major,Major County
47125,Montgomery,Montgomery County
53051,Pend Oreille,Pend Oreille County
38055,McLean,McLean County
41027,Hood River,Hood River County
19197,Wright,Wright County
48419,Shelby,Shelby County
29055,Crawford,Crawford County
51017,Bath,Bath County
27111,Otter Tail,Otter Tail County
22075,Plaquemines,Plaquemines Parish
28115,Pontotoc,Pontotoc County
22067,Morehouse,Morehouse Parish
21029,Bullitt,Bullitt County
1047,Dallas,Dallas County
48093,Comanche,Comanche County
30053,Lincoln,Lincoln County
72129,San Lorenzo,San Lorenzo Municipio
72135,Toa Alta,Toa Alta Municipio
27021,Cass,Cass County
8007,Archuleta,Archuleta County
28163,Yazoo,Yazoo County
55087,Outagamie,Outagamie County
29107,Lafayette,Lafayette County
37195,Wilson,Wilson County
39117,Morrow,Morrow County
30039,Granite,Granite County
38031,Foster,Foster County
5033,Crawford,Crawford County
48053,Burnet,Burnet County
29186,Ste. Genevieve,Ste. Genevieve County
48179,Gray,Gray County
17109,McDonough,McDonough County
19137,Montgomery,Montgomery County
5067,Jackson,Jackson County
48229,Hudspeth,Hudspeth County
22079,Rapides,Rapides Parish
31111,Lincoln,Lincoln County
48067,Cass,Cass County
47079,Henry,Henry County
51840,Winchester,Winchester city
37061,Duplin,Duplin County
37087,Haywood,Haywood County
27037,Dakota,Dakota County
41025,Harney,Harney County
72095,Maunabo,Maunabo Municipio
55001,Adams,Adams County
29045,Clark,Clark County
21015,Boone,Boone County
21229,Washington,Washington County
22009,Avoyelles,Avoyelles Parish
28137,Tate,Tate County
29227,Worth,Worth County
31163,Sherman,Sherman County
46021,Campbell,Campbell County
46063,Harding,Harding County
26057,Gratiot,Gratiot County
19175,Union,Union County
17127,Massac,Massac County
31113,Logan,Logan County
31121,Merrick,Merrick County
31161,Sheridan,Sheridan County
21039,Carlisle,Carlisle County
56025,Natrona,Natrona County
13321,Worth,Worth County
18109,Morgan,Morgan County
48139,Ellis,Ellis County
13229,Pierce,Pierce County
60010,Eastern,Eastern District
18053,Grant,Grant County
12035,Flagler,Flagler County
28077,Lawrence,Lawrence County
22127,Winn,Winn Parish
17073,Henry,Henry County
41041,Lincoln,Lincoln County
23031,York,York County
46029,Codington,Codington County
13231,Pike,Pike County
13259,Stewart,Stewart County
34025,Monmouth,Monmouth County
5021,Clay,Clay County
5045,Faulkner,Faulkner County
40041,Delaware,Delaware County
19107,Keokuk,Keokuk County
17061,Greene,Greene County
27075,Lake,Lake County
13285,Troup,Troup County
6023,Humboldt,Humboldt County
47043,Dickson,Dickson County
27003,Anoka,Anoka County
46009,Bon Homme,Bon Homme County
47059,Greene,Greene County
51183,Sussex,Sussex County
18141,St. Joseph,St. Joseph County
38067,Pembina,Pembina County
46007,Bennett,Bennett County
22115,Vernon,Vernon Parish
23019,Penobscot,Penobscot County
24041,Talbot,Talbot County
13257,Stephens,Stephens County
6065,Riverside,Riverside County
5005,Baxter,Baxter County
28007,Attala,Attala County
19169,Story,Story County
20011,Bourbon,Bourbon County
51049,Cumberland,Cumberland County
45085,Sumter,Sumter County
2164,Lake and Peninsula,Lake and Peninsula Borough
54109,Wyoming,Wyoming County
6029,Kern,Kern County
48097,Cooke,Cooke County
45075,Orangeburg,Orangeburg County
55119,Taylor,Taylor County
27099,Mower,Mower County
27101,Murray,Murray County
44007,Providence,Providence County
29161,Phelps,Phelps County
28117,Prentiss,Prentiss County
21235,Whitley,Whitley County
18149,Starke,Starke County
48491,Williamson,Williamson County
72109,Patillas,Patillas Municipio
19131,Mitchell,Mitchell County
13107,Emanuel,Emanuel County
22025,Catahoula,Catahoula Parish
42025,Carbon,Carbon County
31133,Pawnee,Pawnee County
47171,Unicoi,Unicoi County
45083,Spartanburg,Spartanburg County
55073,Marathon,Marathon County
32007,Elko,Elko County
54007,Braxton,Braxton County
26165,Wexford,Wexford County
48079,Cochran,Cochran County
42013,Blair,Blair County
29085,Hickory,Hickory County
29009,Barry,Barry County
27123,Ramsey,Ramsey County
5081,Little River,Little River County
32019,Lyon,Lyon County
12071,Lee,Lee County
41033,Josephine,Josephine County
72091,Manatí,Manatí Municipio
28113,Pike,Pike County
47031,Coffee,Coffee County
16059,Lemhi,Lemhi County
21183,Ohio,Ohio County
31153,Sarpy,Sarpy County
13071,Colquitt,Colquitt County
27167,Wilkin,Wilkin County
17157,Randolph,Randolph County
23011,Kennebec,Kennebec County
51173,Smyth,Smyth County
35041,Roosevelt,Roosevelt County
42111,Somerset,Somerset County
51191,Washington,Washington County
37081,Guilford,Guilford County
16001,Ada,Ada County
40039,Custer,Custer County
39101,Marion,Marion County
17149,Pike,Pike County
17203,Woodford,Woodford County
13245,Richmond,Richmond County
1107,Pickens,Pickens County
40045,Ellis,Ellis County
17145,Perry,Perry County
19075,Grundy,Grundy County
8107,Routt,Routt County
34035,Somerset,Somerset County
6011,Colusa,Colusa County
17087,Johnson,Johnson County
8053,Hinsdale,Hinsdale County
16031,Cassia,Cassia County
27059,Isanti,Isanti County
42049,Erie,Erie County
28029,Copiah,Copiah County
48467,Van Zandt,Van Zandt County
51161,Roanoke,Roanoke County
51015,Augusta,Augusta County
2060,Bristol Bay,Bristol Bay Borough
49031,Piute,Piute County
21161,Mason,Mason County
27009,Benton,Benton County
48129,Donley,Donley County
12005,Bay,Bay County
1077,Lauderdale,Lauderdale County
18045,Fountain,Fountain County
17173,Shelby,Shelby County
17051,Fayette,Fayette County
39127,Perry,Perry County
51590,Danville,Danville city
13011,Banks,Banks County
13305,Wayne,Wayne County
40109,Oklahoma,Oklahoma County
40069,Johnston,Johnston County
37099,Jackson,Jackson County
49043,Summit,Summit County
29167,Polk,Polk County
32015,Lander,Lander County
19191,Winneshiek,Winneshiek County
21023,Bracken,Bracken County
55037,Florence,Florence County
54087,Roane,Roane County
27159,Wadena,Wadena County
51670,Hopewell,Hopewell city
17201,Winnebago,Winnebago County
4007,Gila,Gila County
24045,Wicomico,Wicomico County
21043,Carter,Carter County
37097,Iredell,Iredell County
51083,Halifax,Halifax County
37091,Hertford,Hertford County
36057,Montgomery,Montgomery County
27113,Pennington,Pennington County
53073,Whatcom,Whatcom County
41021,Gilliam,Gilliam County
34029,Ocean,Ocean County
5009,Boone,Boone County
40031,Comanche,Comanche County
48253,Jones,Jones County
48185,Grimes,Grimes County
26049,Genesee,Genesee County
22007,Assumption,Assumption Parish
28013,Calhoun,Calhoun County
28041,Greene,Greene County
30017,Custer,Custer County
46109,Roberts,Roberts County
17141,Ogle,Ogle County
38077,Richland,Richland County
55005,Barron,Barron County
55051,Iron,Iron County
27157,Wabasha,Wabasha County
6015,Del Norte,Del Norte County
40127,Pushmataha,Pushmataha County
53007,Chelan,Chelan County
26141,Presque Isle,Presque Isle County
40027,Cleveland,Cleveland County
36105,Sullivan,Sullivan County
37149,Polk,Polk County
37165,Scotland,Scotland County
37085,Harnett,Harnett County
37105,Lee,Lee County
18159,Tipton,Tipton County
20027,Clay,Clay County
40145,Wagoner,Wagoner County
30083,Richland,Richland County
5003,Ashley,Ashley County
5041,Desha,Desha County
72147,Vieques,Vieques Municipio
47135,Perry,Perry County
27163,Washington,Washington County
51740,Portsmouth,Portsmouth city
42051,Fayette,Fayette County
54023,Grant,Grant County
51171,Shenandoah,Shenandoah County
48235,Irion,Irion County
29025,Caldwell,Caldwell County
12107,Putnam,Putnam County
18025,Crawford,Crawford County
29111,Lewis,Lewis County
31075,Grant,Grant County
72087,Loíza,Loíza Municipio
16071,Oneida,Oneida County
17139,Moultrie,Moultrie County
21107,Hopkins,Hopkins County
16035,Clearwater,Clearwater County
21013,Bell,Bell County
27035,Crow Wing,Crow Wing County
60050,Western,Western District
72011,Añasco,Añasco Municipio
4009,Graham,Graham County
5123,St. Francis,St. Francis County
13101,Echols,Echols County
2070,Dillingham,Dillingham Census Area
20105,Lincoln,Lincoln County
20183,Smith,Smith County
12065,Jefferson,Jefferson County
72041,Cidra,Cidra Municipio
28005,Amite,Amite County
5097,Montgomery,Montgomery County
26025,Calhoun,Calhoun County
1029,Cleburne,Cleburne County
8123,Weld,Weld County
40009,Beckham,Beckham County
6049,Modoc,Modoc County
19153,Polk,Polk County
13179,Liberty,Liberty County
48349,Navarro,Navarro County
48047,Brooks,Brooks County
47187,Williamson,Williamson County
56021,Laramie,Laramie County
53003,Asotin,Asotin County
27155,Traverse,Traverse County
17017,Cass,Cass County
13247,Rockdale,Rockdale County
42067,Juniata,Juniata County
42083,McKean,McKean County
40049,Garvin,Garvin County
31021,Burt,Burt County
35045,San Juan,San Juan County
36073,Orleans,Orleans County
22031,De Soto,De Soto Parish
6019,Fresno,Fresno County
13105,Elbert,Elbert County
1005,Barbour,Barbour County
37017,Bladen,Bladen County
48111,Dallam,Dallam County
17167,Sangamon,Sangamon County
40035,Craig,Craig County
47035,Cumberland,Cumberland County
26137,Otsego,Otsego County
19161,Sac,Sac County
49015,Emery,Emery County
53019,Ferry,Ferry County
30109,Wibaux,Wibaux County
35027,Lincoln,Lincoln County
40021,Cherokee,Cherokee County
27173,Yellow Medicine,Yellow Medicine County
48231,Hunt,Hunt County
48335,Mitchell,Mitchell County
48499,Wood,Wood County
40113,Osage,Osage County
37039,Cherokee,Cherokee County
26107,Mecosta,Mecosta County
21195,Pike,Pike County
12067,Lafayette,Lafayette County
37035,Catawba,Catawba County
21025,Breathitt,Breathitt County
48075,Childress,Childress County
29181,Ripley,Ripley County
17179,Tazewell,Tazewell County
48243,Jeff Davis,Jeff Davis County
51678,Lexington,Lexington city
5135,Sharp,Sharp County
8069,Larimer,Larimer County
37177,Tyrrell,Tyrrell County
27131,Rice,Rice County
29219,Warren,Warren County
21227,Warren,Warren County
22017,Caddo,Caddo Parish
46121,Todd,Todd County
19127,Marshall,Marshall County
40141,Tillman,Tillman County
37113,Macon,Macon County
54063,Monroe,Monroe County
18155,Switzerland,Switzerland County
21105,Hickman,Hickman County
1061,Geneva,Geneva County
17099,LaSalle,LaSalle County
19055,Delaware,Delaware County
20127,Morris,Morris County
19051,Davis,Davis County
16015,Boise,Boise County
55081,Monroe,Monroe County
37143,Perquimans,Perquimans County
12047,Hamilton,Hamilton County
2170,Matanuska-Susitna,Matanuska-Susitna Borough
18035,Delaware,Delaware County
12075,Levy,Levy County
72063,Gurabo,Gurabo Municipio
72065,Hatillo,Hatillo Municipio
28045,Hancock,Hancock County
13315,Wilcox,Wilcox County
22081,Red River,Red River Parish
47093,Knox,Knox County
23017,Oxford,Oxford County
29095,Jackson,Jackson County
13281,Towns,Towns County
28129,Smith,Smith County
16075,Payette,Payette County
16079,Shoshone,Shoshone County
37095,Hyde,Hyde County
19067,Floyd,Floyd County
21145,McCracken,McCracken County
21225,Union,Union County
46125,Turner,Turner County
47029,Cocke,Cocke County
47067,Hancock,Hancock County
47071,Hardin,Hardin County
45067,Marion,Marion County
72057,Guayama,Guayama Municipio
22117,Washington,Washington Parish
29207,Stoddard,Stoddard County
13093,Dooly,Dooly County
27145,Stearns,Stearns County
31155,Saunders,Saunders County
27141,Sherburne,Sherburne County
46035,Davison,Davison County
47025,Claiborne,Claiborne County
48337,Montague,Montague County
48049,Brown,Brown County
55101,Racine,Racine County
55115,Shawano,Shawano County
19009,Audubon,Audubon County
48207,Haskell,Haskell County
40083,Logan,Logan County
36065,Oneida,Oneida County
8065,Lake,Lake County
40121,Pittsburg,Pittsburg County
54017,Doddridge,Doddridge County
54105,Wirt,Wirt County
33003,Carroll,Carroll County
54095,Tyler,Tyler County
69085,Northern Islands,Northern Islands Municipality
27079,Le Sueur,Le Sueur County
53017,Douglas,Douglas County
36009,Cattaraugus,Cattaraugus County
55027,Dodge,Dodge County
19105,Jones,Jones County
20007,Barber,Barber County
29169,Pulaski,Pulaski County
1045,Dale,Dale County
20109,Logan,Logan County
6039,Madera,Madera County
29075,Gentry,Gentry County
31009,Blaine,Blaine County
49009,Daggett,Daggett County
56031,Platte,Platte County
37071,Gaston,Gaston County
35019,Guadalupe,Guadalupe County
30037,Golden Valley,Golden Valley County
37101,Johnston,Johnston County
6085,Santa Clara,Santa Clara County
45019,Charleston,Charleston County
53005,Benton,Benton County
29001,Adair,Adair County
39043,Erie,Erie County
17183,Vermilion,Vermilion County
29189,St. Louis,St. Louis County
17007,Boone,Boone County
6103,Tehama,Tehama County
55025,Dane,Dane County
48151,Fisher,Fisher County
22085,Sabine,Sabine Parish
17137,Morgan,Morgan County
13235,Pulaski,Pulaski County
37015,Bertie,Bertie County
37167,Stanly,Stanly County
47143,Rhea,Rhea County
37079,Greene,Greene County
21131,Leslie,Leslie County
24039,Somerset,Somerset County
17123,Marshall,Marshall County
21143,Lyon,Lyon County
48095,Concho,Concho County
48081,Coke,Coke County
47133,Overton,Overton County
26063,Huron,Huron County
26069,Iosco,Iosco County
13069,Coffee,Coffee County
13299,Ware,Ware County
38037,Grant,Grant County
22051,Jefferson,Jefferson Parish
22103,St. Tammany,St. Tammany Parish
19083,Hardin,Hardin County
22023,Cameron,Cameron Parish
39027,Clinton,Clinton County
27137,St. Louis,St. Louis County
39093,Lorain,Lorain County
72143,Vega Alta,Vega Alta Municipio
19015,Boone,Boone County
48373,Polk,Polk County
31051,Dixon,Dixon County
24025,Harford,Harford County
45037,Edgefield,Edgefield County
51001,Accomack,Accomack County
55015,Calumet,Calumet County
21121,Knox,Knox County
26067,Ionia,Ionia County
37129,New Hanover,New Hanover County
47131,Obion,Obion County
21035,Calloway,Calloway County
51003,Albemarle,Albemarle County
47147,Robertson,Robertson County
51043,Clarke,Clarke County
53023,Garfield,Garfield County
21109,Jackson,Jackson County
27031,Cook,Cook County
45073,Oconee,Oconee County
22033,East Baton Rouge,East Baton Rouge Parish
28021,Claiborne,Claiborne County
24037,St. Mary's,St. Mary's County
26081,Kent,Kent County
37147,Pitt,Pitt County
30009,Carbon,Carbon County
31167,Stanton,Stanton County
13001,Appling,Appling County
19099,Jasper,Jasper County
28153,Wayne,Wayne County
48101,Cottle,Cottle County
51081,Greensville,Greensville County
12105,Polk,Polk County
48503,Young,Young County
1123,Tallapoosa,Tallapoosa County
33015,Rockingham,Rockingham County
8105,Rio Grande,Rio Grande County
19149,Plymouth,Plymouth County
36123,Yates,Yates County
53033,King,King County
41017,Deschutes,Deschutes County
19155,Pottawattamie,Pottawattamie County
29229,Wright,Wright County
30101,Toole,Toole County
36107,Tioga,Tioga County
48287,Lee,Lee County
13121,Fulton,Fulton County
48073,Cherokee,Cherokee County
29007,Audrain,Audrain County
45029,Colleton,Colleton County
55055,Jefferson,Jefferson County
5055,Greene,Greene County
48191,Hall,Hall County
55013,Burnett,Burnett County
35057,Torrance,Torrance County
53049,Pacific,Pacific County
37141,Pender,Pender County
48221,Hood,Hood County
46117,Stanley,Stanley County
32031,Washoe,Washoe County
21007,Ballard,Ballard County
48009,Archer,Archer County
48023,Baylor,Baylor County
48405,San Augustine,San Augustine County
32029,Storey,Storey County
13249,Schley,Schley County
48313,Madison,Madison County
6077,San Joaquin,San Joaquin County
28159,Winston,Winston County
21103,Henry,Henry County
21167,Mercer,Mercer County
31183,Wheeler,Wheeler County
21135,Lewis,Lewis County
27051,Grant,Grant County
28053,Humphreys,Humphreys County
1025,Clarke,Clarke County
20017,Chase,Chase County
21221,Trigg,Trigg County
1069,Houston,Houston County
46003,Aurora,Aurora County
2013,Aleutians East,Aleutians East Borough
31061,Franklin,Franklin County
24029,Kent,Kent County
20037,Crawford,Crawford County
27023,Chippewa,Chippewa County
46103,Pennington,Pennington County
45049,Hampton,Hampton County
16043,Fremont,Fremont County
13029,Bryan,Bryan County
51053,Dinwiddie,Dinwiddie County
12111,St. Lucie,St. Lucie County
36055,Monroe,Monroe County
46083,Lincoln,Lincoln County
55017,Chippewa,Chippewa County
20207,Woodson,Woodson County
21157,Marshall,Marshall County
13065,Clinch,Clinch County
13185,Lowndes,Lowndes County
15005,Kalawao,Kalawao County
15007,Kauai,Kauai County
26099,Macomb,Macomb County
13287,Turner,Turner County
17079,Jasper,Jasper County
48331,Milam,Milam County
18147,Spencer,Spencer County
21099,Hart,Hart County
21137,Lincoln,Lincoln County
30005,Blaine,Blaine County
51710,Norfolk,Norfolk city
48389,Reeves,Reeves County
51155,Pulaski,Pulaski County
37179,Union,Union County
38053,McKenzie,McKenzie County
12091,Okaloosa,Okaloosa County
6001,Alameda,Alameda County
17013,Calhoun,Calhoun County
18085,Kosciusko,Kosciusko County
28103,Noxubee,Noxubee County
5147,Woodruff,Woodruff County
34015,Gloucester,Gloucester County
33011,Hillsborough,Hillsborough County
30045,Judith Basin,Judith Basin County
37121,Mitchell,Mitchell County
30077,Powell,Powell County
41053,Polk,Polk County
41065,Wasco,Wasco County
46105,Perkins,Perkins County
19173,Taylor,Taylor County
1129,Washington,Washington County
39039,Defiance,Defiance County
54025,Greenbrier,Greenbrier County
17121,Marion,Marion County
51051,Dickenson,Dickenson County
51007,Amelia,Amelia County
13243,Randolph,Randolph County
35029,Luna,Luna County
48355,Nueces,Nueces County
56045,Weston,Weston County
72137,Toa Baja,Toa Baja Municipio
17187,Warren,Warren County
1089,Madison,Madison County
47189,Wilson,Wilson County
48063,Camp,Camp County
40067,Jefferson,Jefferson County
54085,Ritchie,Ritchie County
19145,Page,Page County
20087,Jefferson,Jefferson County
22045,Iberia,Iberia Parish
2158,Kusilvak,Kusilvak Census Area
37133,Onslow,Onslow County
27043,Faribault,Faribault County
47057,Grainger,Grainger County
48161,Freestone,Freestone County
42087,Mifflin,Mifflin County
1041,Crenshaw,Crenshaw County
51520,Bristol,Bristol city
48399,Runnels,Runnels County
48443,Terrell,Terrell County
20153,Rawlins,Rawlins County
20193,Thomas,Thomas County
13161,Jeff Davis,Jeff Davis County
19035,Cherokee,Cherokee County
5145,White,White County
28083,Leflore,Leflore County
29053,Cooper,Cooper County
26043,Dickinson,Dickinson County
17197,Will,Will County
48117,Deaf Smith,Deaf Smith County
46011,Brookings,Brookings County
29047,Clay,Clay County
28027,Coahoma,Coahoma County
18011,Boone,Boone County
19057,Des Moines,Des Moines County
19163,Scott,Scott County
20143,Ottawa,Ottawa County
12023,Columbia,Columbia County
12059,Holmes,Holmes County
28047,Harrison,Harrison County
72141,Utuado,Utuado Municipio
47011,Bradley,Bradley County
27017,Carlton,Carlton County
48315,Marion,Marion County
36095,Schoharie,Schoharie County
40117,Pawnee,Pawnee County
36007,Broome,Broome County
48291,Liberty,Liberty County
39009,Athens,Athens County
39081,Jefferson,Jefferson County
54083,Randolph,Randolph County
54049,Marion,Marion County
34011,Cumberland,Cumberland County
6057,Nevada,Nevada County
55031,Douglas,Douglas County
21199,Pulaski,Pulaski County
37065,Edgecombe,Edgecombe County
48241,Jasper,Jasper County
49001,Beaver,Beaver County
13213,Murray,Murray County
18075,Jay,Jay County
26117,Montcalm,Montcalm County
36083,Rensselaer,Rensselaer County
12021,Collier,Collier County
35031,McKinley,McKinley County
13017,Ben Hill,Ben Hill County
5077,Lee,Lee County
12003,Baker,Baker County
13173,Lanier,Lanier County
20159,Rice,Rice County
1015,Calhoun,Calhoun County
28059,Jackson,Jackson County
21037,Campbell,Campbell County
21057,Cumberland,Cumberland County
28107,Panola,Panola County
48195,Hansford,Hansford County
48071,Chambers,Chambers County
13239,Quitman,Quitman County
48199,Hardin,Hardin County
39143,Sandusky,Sandusky County
23021,Piscataquis,Piscataquis County
17153,Pulaski,Pulaski County
40107,Okfuskee,Okfuskee County
26145,Saginaw,Saginaw County
35039,Rio Arriba,Rio Arriba County
50005,Caledonia,Caledonia County
51023,Botetourt,Botetourt County
17119,Madison,Madison County
48085,Collin,Collin County
45001,Abbeville,Abbeville County
31053,Dodge,Dodge County
12115,Sarasota,Sarasota County
55077,Marquette,Marquette County
4015,Mohave,Mohave County
4025,Yavapai,Yavapai County
45051,Horry,Horry County
42091,Montgomery,Montgomery County
16061,Lewis,Lewis County
72013,Arecibo,Arecibo Municipio
51720,Norton,Norton city
34027,Morris,Morris County
29211,Sullivan,Sullivan County
20135,Ness,Ness County
48039,Brazoria,Brazoria County
51790,Staunton,Staunton city
31029,Chase,Chase County
39113,Montgomery,Montgomery County
48447,Throckmorton,Throckmorton County
13221,Oglethorpe,Oglethorpe County
5029,Conway,Conway County
29147,Nodaway,Nodaway County
38073,Ransom,Ransom County
26017,Bay,Bay County
47157,Shelby,Shelby County
6007,Butte,Butte County
27115,Pine,Pine County
48021,Bastrop,Bastrop County
53039,Klickitat,Klickitat County
53055,San Juan,San Juan County
55009,Brown,Brown County
20205,Wilson,Wilson County
22069,Natchitoches,Natchitoches Parish
22109,Terrebonne,Terrebonne Parish
13155,Irwin,Irwin County
2185,North Slope,North Slope Borough
26011,Arenac,Arenac County
19111,Lee,Lee County
20141,Osborne,Osborne County
26047,Emmet,Emmet County
19071,Fremont,Fremont County
23015,Lincoln,Lincoln County
36099,Seneca,Seneca County
21125,Laurel,Laurel County
47121,Meigs,Meigs County
29213,Taney,Taney County
13269,Taylor,Taylor County
51830,Williamsburg,Williamsburg city
48415,Scurry,Scurry County
8047,Gilpin,Gilpin County
40087,McClain,McClain County
54071,Pendleton,Pendleton County
51139,Page,Page County
40079,Le Flore,Le Flore County
54089,Summers,Summers County
37119,Mecklenburg,Mecklenburg County
34013,Essex,Essex County
29115,Linn,Linn County
13209,Montgomery,Montgomery County
41055,Sherman,Sherman County
13133,Greene,Greene County
46017,Buffalo,Buffalo County
46095,Mellette,Mellette County
48135,Ector,Ector County
48293,Limestone,Limestone County
53027,Grays Harbor,Grays Harbor County
54003,Berkeley,Berkeley County
72149,Villalba,Villalba Municipio
30067,Park,Park County
48121,Denton,Denton County
45021,Cherokee,Cherokee County
37199,Yancey,Yancey County
48387,Red River,Red River County
48321,Matagorda,Matagorda County
27149,Stevens,Stevens County
13301,Warren,Warren County
48197,Hardeman,Hardeman County
17133,Monroe,Monroe County
13165,Jenkins,Jenkins County
21085,Grayson,Grayson County
48363,Palo Pinto,Palo Pinto County
13149,Heard,Heard County
1079,Lawrence,Lawrence County
72061,Guaynabo,Guaynabo Municipio
28093,Marshall,Marshall County
20025,Clark,Clark County
20081,Haskell,Haskell County
22013,Bienville,Bienville Parish
13295,Walker,Walker County
19095,Iowa,Iowa County
31019,Buffalo,Buffalo County
40007,Beaver,Beaver County
19023,Butler,Butler County
30085,Roosevelt,Roosevelt County
72017,Barceloneta,Barceloneta Municipio
53015,Cowlitz,Cowlitz County
48297,Live Oak,Live Oak County
29135,Moniteau,Moniteau County
51193,Westmoreland,Westmoreland County
37197,Yadkin,Yadkin County
6047,Merced,Merced County
40043,Dewey,Dewey County
37023,Burke,Burke County
37191,Wayne,Wayne County
42123,Warren,Warren County
5061,Howard,Howard County
37059,Davie,Davie County
37111,McDowell,McDowell County
5099,Nevada,Nevada County
8125,Yuma,Yuma County
48421,Sherman,Sherman County
48463,Uvalde,Uvalde County
39011,Auglaize,Auglaize County
22015,Bossier,Bossier Parish
19063,Emmet,Emmet County
20169,Saline,Saline County
21153,Magoffin,Magoffin County
48017,Bailey,Bailey County
29027,Callaway,Callaway County
56001,Albany,Albany County
56029,Park,Park County
42093,Montour,Montour County
36081,Queens,Queens County
12121,Suwannee,Suwannee County
26031,Cheboygan,Cheboygan County
26051,Gladwin,Gladwin County
21173,Montgomery,Montgomery County
45057,Lancaster,Lancaster County
21123,Larue,Larue County
19193,Woodbury,Woodbury County
12123,Taylor,Taylor County
17003,Alexander,Alexander County
29099,Jefferson,Jefferson County
29113,Lincoln,Lincoln County
13051,Chatham,Chatham County
12125,Union,Union County
36037,Genesee,Genesee County
19041,Clay,Clay County
30025,Fallon,Fallon County
46107,Potter,Potter County
48109,Culberson,Culberson County
23005,Cumberland,Cumberland County
48013,Atascosa,Atascosa County
20095,Kingman,Kingman County
13241,Rabun,Rabun County
54097,Upshur,Upshur County
29215,Texas,Texas County
5119,Pulaski,Pulaski County
19047,Crawford,Crawford County
16005,Bannock,Bannock County
39055,Geauga,Geauga County
72035,Cayey,Cayey Municipio
6107,Tulare,Tulare County
72015,Arroyo,Arroyo Municipio
72125,San Germán,San Germán Municipio
36117,Wayne,Wayne County
51163,Rockbridge,Rockbridge County
38095,Towner,Towner County
42045,Delaware,Delaware County
36063,Niagara,Niagara County
50003,Bennington,Bennington County
12019,Clay,Clay County
37183,Wake,Wake County
39061,Hamilton,Hamilton County
34003,Bergen,Bergen County
32017,Lincoln,Lincoln County
2180,Nome,Nome Census Area
30055,McCone,McCone County
19019,Buchanan,Buchanan County
17043,DuPage,DuPage County
46047,Fall River,Fall River County
27069,Kittson,Kittson County
13219,Oconee,Oconee County
48493,Wilson,Wilson County
31059,Fillmore,Fillmore County
12079,Madison,Madison County
72031,Carolina,Carolina Municipio
18153,Sullivan,Sullivan County
4012,La Paz,La Paz County
13027,Brooks,Brooks County
2016,Aleutians West,Aleutians West Census Area
2150,Kodiak Island,Kodiak Island Borough
20185,Stafford,Stafford County
13271,Telfair,Telfair County
26115,Monroe,Monroe County
18181,White,White County
18113,Noble,Noble County
21139,Livingston,Livingston County
13201,Miller,Miller County
47103,Lincoln,Lincoln County
21211,Shelby,Shelby County
31185,York,York County
42001,Adams,Adams County
45005,Allendale,Allendale County
47037,Davidson,Davidson County
49047,Uintah,Uintah County
49049,Utah,Utah County
18021,Clay,Clay County
36047,Kings,Kings County
29141,Morgan,Morgan County
39075,Holmes,Holmes County
19143,Osceola,Osceola County
18079,Jennings,Jennings County
16083,Twin Falls,Twin Falls County
17165,Saline,Saline County
26077,Kalamazoo,Kalamazoo County
45061,Lee,Lee County
56019,Johnson,Johnson County
18027,Daviess,Daviess County
26055,Grand Traverse,Grand Traverse County
22003,Allen,Allen Parish
46065,Hughes,Hughes County
46069,Hyde,Hyde County
45027,Clarendon,Clarendon County
30095,Stillwater,Stillwater County
47007,Bledsoe,Bledsoe County
21219,Todd,Todd County
47183,Weakley,Weakley County
29077,Greene,Greene County
42077,Lehigh,Lehigh County
31159,Seward,Seward County
36015,Chemung,Chemung County
36121,Wyoming,Wyoming County
6099,Stanislaus,Stanislaus County
42095,Northampton,Northampton County
1103,Morgan,Morgan County
21027,Breckinridge,Breckinridge County
28043,Grenada,Grenada County
21213,Simpson,Simpson County
50013,Grand Isle,Grand Isle County
39029,Columbiana,Columbiana County
51125,Nelson,Nelson County
12097,Osceola,Osceola County
5053,Grant,Grant County
13175,Laurens,Laurens County
36061,New York,New York County
5007,Benton,Benton County
72071,Isabela,Isabela Municipio
12083,Marion,Marion County
51135,Nottoway,Nottoway County
34041,Warren,Warren County
36021,Columbia,Columbia County
51690,Martinsville,Martinsville city
40023,Choctaw,Choctaw County
20041,Dickinson,Dickinson County
48427,Starr,Starr County
13103,Effingham,Effingham County
40129,Roger Mills,Roger Mills County
55103,Richland,Richland County
35025,Lea,Lea County
1075,Lamar,Lamar County
72054,Florida,Florida Municipio
47117,Marshall,Marshall County
51011,Appomattox,Appomattox County
5087,Madison,Madison County
56033,Sheridan,Sheridan County
42041,Cumberland,Cumberland County
42055,Franklin,Franklin County
42079,Luzerne,Luzerne County
26039,Crawford,Crawford County
1113,Russell,Russell County
39019,Carroll,Carroll County
51065,Fluvanna,Fluvanna County
17097,Lake,Lake County
13195,Madison,Madison County
5039,Dallas,Dallas County
8057,Jackson,Jackson County
8063,Kit Carson,Kit Carson County
16073,Owyhee,Owyhee County
55141,Wood,Wood County
36013,Chautauqua,Chautauqua County
13067,Cobb,Cobb County
47091,Johnson,Johnson County
39013,Belmont,Belmont County
51195,Wise,Wise County
29035,Carter,Carter County
40013,Bryan,Bryan County
31035,Clay,Clay County
24017,Charles,Charles County
19033,Cerro Gordo,Cerro Gordo County
19073,Greene,Greene County
21205,Rowan,Rowan County
49055,Wayne,Wayne County
29031,Cape Girardeau,Cape Girardeau County
53071,Walla Walla,Walla Walla County
29133,Mississippi,Mississippi County
5025,Cleveland,Cleveland County
48113,Dallas,Dallas County
72079,Lajas,Lajas Municipio
18033,DeKalb,DeKalb County
22073,Ouachita,Ouachita Parish
22095,St. John the Baptist,St. John the Baptist Parish
22091,St. Helena,St. Helena Parish
29197,Schuyler,Schuyler County
1059,Franklin,Franklin County
21041,Carroll,Carroll County
8019,Clear Creek,Clear Creek County
48267,Kimble,Kimble County
26097,Mackinac,Mackinac County
48307,McCulloch,McCulloch County
28141,Tishomingo,Tishomingo County
48105,Crockett,Crockett County
48217,Hill,Hill County
8075,Logan,Logan County
20055,Finney,Finney County
20125,Montgomery,Montgomery County
45039,Fairfield,Fairfield County
31033,Cheyenne,Cheyenne County
27091,Martin,Martin County
47155,Sevier,Sevier County
47139,Polk,Polk County
48263,Kent,Kent County
30099,Teton,Teton County
31069,Garden,Garden County
17117,Macoupin,Macoupin County
39141,Ross,Ross County
17195,Whiteside,Whiteside County
48141,El Paso,El Paso County
48301,Loving,Loving County
40077,Latimer,Latimer County
39167,Washington,Washington County
29091,Howell,Howell County
20047,Edwards,Edwards County
21111,Jefferson,Jefferson County
17107,Logan,Logan County
55139,Winnebago,Winnebago County
21075,Fulton,Fulton County
20079,Harvey,Harvey County
30021,Dawson,Dawson County
54091,Taylor,Taylor County
26111,Midland,Midland County
28119,Quitman,Quitman County
21093,Hardin,Hardin County
17081,Jefferson,Jefferson County
46057,Hamlin,Hamlin County
55069,Lincoln,Lincoln County
36033,Franklin,Franklin County
51630,Fredericksburg,Fredericksburg city
54081,Raleigh,Raleigh County
35005,Chaves,Chaves County
35049,Santa Fe,Santa Fe County
6059,Orange,Orange County
4023,Santa Cruz,Santa Cruz County
37053,Currituck,Currituck County
17101,Lawrence,Lawrence County
18067,Howard,Howard County
18125,Pike,Pike County
21047,Christian,Christian County
26045,Eaton,Eaton County
19179,Wapello,Wapello County
6025,Imperial,Imperial County
26027,Cass,Cass County
28157,Wilkinson,Wilkinson County
2282,Yakutat,Yakutat City and Borough
20179,Sheridan,Sheridan County
28079,Leake,Leake County
72025,Caguas,Caguas Municipio
72027,Camuy,Camuy Municipio
28025,Clay,Clay County
28037,Franklin,Franklin County
28099,Neshoba,Neshoba County
46045,Edmunds,Edmunds County
72119,Río Grande,Río Grande Municipio
1035,Conecuh,Conecuh County
18029,Dearborn,Dearborn County
18071,Jackson,Jackson County
28081,Lee,Lee County
22125,West Feliciana,West Feliciana Parish
5035,Crittenden,Crittenden County
12063,Jackson,Jackson County
48125,Dickens,Dickens County
51115,Mathews,Mathews County
38075,Renville,Renville County
48283,La Salle,La Salle County
36067,Onondaga,Onondaga County
19087,Henry,Henry County
31083,Harlan,Harlan County
30075,Powder River,Powder River County
72075,Juana Díaz,Juana Díaz Municipio
55091,Pepin,Pepin County
4001,Apache,Apache County
29121,Macon,Macon County
48279,Lamb,Lamb County
20097,Kiowa,Kiowa County
48015,Austin,Austin County
29061,Daviess,Daviess County
13253,Seminole,Seminole County
26101,Manistee,Manistee County
19119,Lyon,Lyon County
48233,Hutchinson,Hutchinson County
40139,Texas,Texas County
40153,Woodward,Woodward County
19003,Adams,Adams County
6101,Sutter,Sutter County
42105,Potter,Potter County
48465,Val Verde,Val Verde County
20077,Harper,Harper County
19133,Monona,Monona County
49023,Juab,Juab County
40137,Stephens,Stephens County
36017,Chenango,Chenango County
17143,Peoria,Peoria County
19091,Humboldt,Humboldt County
31177,Washington,Washington County
55049,Iowa,Iowa County
27097,Morrison,Morrison County
42003,Allegheny,Allegheny County
29205,Shelby,Shelby County
39097,Madison,Madison County
20201,Washington,Washington County
17019,Champaign,Champaign County
16087,Washington,Washington County
17045,Edgar,Edgar County
8121,Washington,Washington County
39065,Hardin,Hardin County
26113,Missaukee,Missaukee County
38093,Stutsman,Stutsman County
29203,Shannon,Shannon County
48423,Smith,Smith County
40143,Tulsa,Tulsa County
40091,McIntosh,McIntosh County
48395,Robertson,Robertson County
48171,Gillespie,Gillespie County
26125,Oakland,Oakland County
38033,Golden Valley,Golden Valley County
56027,Niobrara,Niobrara County
27117,Pipestone,Pipestone County
51099,King George,King George County
53025,Grant,Grant County
27129,Renville,Renville County
12001,Alachua,Alachua County
31091,Hooker,Hooker County
51147,Prince Edward,Prince Edward County
49007,Carbon,Carbon County
42017,Bucks,Bucks County
46059,Hand,Hand County
42081,Lycoming,Lycoming County
16057,Latah,Latah County
13237,Putnam,Putnam County
51640,Galax,Galax city
35037,Quay,Quay County
48269,King,King County
5073,Lafayette,Lafayette County
48451,Tom Green,Tom Green County
12049,Hardee,Hardee County
39025,Clermont,Clermont County
48501,Yoakum,Yoakum County
41071,Yamhill,Yamhill County
19115,Louisa,Louisa County
20049,Elk,Elk County
39121,Noble,Noble County
39137,Putnam,Putnam County
48425,Somervell,Somervell County
42075,Lebanon,Lebanon County
30035,Glacier,Glacier County
32027,Pershing,Pershing County
27087,Mahnomen,Mahnomen County
34031,Passaic,Passaic County
30047,Lake,Lake County
48261,Kenedy,Kenedy County
48033,Borden,Borden County
29157,Perry,Perry County
48411,San Saba,San Saba County
40073,Kingfisher,Kingfisher County
48051,Burleson,Burleson County
36035,Fulton,Fulton County
28133,Sunflower,Sunflower County
27053,Hennepin,Hennepin County
42027,Centre,Centre County
48025,Bee,Bee County
47077,Henderson,Henderson County
19171,Tama,Tama County
20175,Seward,Seward County
19135,Monroe,Monroe County
31147,Richardson,Richardson County
17021,Christian,Christian County
12089,Nassau,Nassau County
12133,Washington,Washington County
13007,Baker,Baker County
13275,Thomas,Thomas County
21005,Anderson,Anderson County
21185,Oldham,Oldham County
13057,Cherokee,Cherokee County
38065,Oliver,Oliver County
26133,Osceola,Osceola County
47109,McNairy,McNairy County
53001,Adams,Adams County
29057,Dade,Dade County
22101,St. Mary,St. Mary Parish
50007,Chittenden,Chittenden County
72045,Comerío,Comerío Municipio
15009,Maui,Maui County
22057,Lafourche,Lafourche Parish
19139,Muscatine,Muscatine County
12113,Santa Rosa,Santa Rosa County
18101,Martin,Martin County
21203,Rockcastle,Rockcastle County
21223,Trimble,Trimble County
13055,Chattooga,Chattooga County
45033,Dillon,Dillon County
37103,Jones,Jones County
29199,Scotland,Scotland County
20131,Nemaha,Nemaha County
20137,Norton,Norton County
72007,Aguas Buenas,Aguas Buenas Municipio
72033,Cataño,Cataño Municipio
31065,Furnas,Furnas County
13087,Decatur,Decatur County
18177,Wayne,Wayne County
21009,Barren,Barren County
31093,Howard,Howard County
38025,Dunn,Dunn County
6005,Amador,Amador County
47049,Fentress,Fentress County
20031,Coffey,Coffey County
26023,Branch,Branch County
51031,Campbell,Campbell County
39105,Meigs,Meigs County
54067,Nicholas,Nicholas County
40053,Grant,Grant County
46115,Spink,Spink County
50027,Windsor,Windsor County
48455,Trinity,Trinity County
35001,Bernalillo,Bernalillo County
13205,Mitchell,Mitchell County
15001,Hawaii,Hawaii County
21147,McCreary,McCreary County
21191,Pendleton,Pendleton County
21215,Spencer,Spencer County
30041,Hill,Hill County
31175,Valley,Valley County
48069,Castro,Castro County
24043,Washington,Washington County
21133,Letcher,Letcher County
34033,Salem,Salem County
51680,Lynchburg,Lynchburg city
5125,Saline,Saline County
54053,Mason,Mason County
54021,Gilmer,Gilmer County
28063,Jefferson,Jefferson County
38079,Rolette,Rolette County
30103,Treasure,Treasure County
21049,Clark,Clark County
72101,Morovis,Morovis Municipio
26005,Allegan,Allegan County
47005,Benton,Benton County
27015,Brown,Brown County
47137,Pickett,Pickett County
51109,Louisa,Louisa County
18145,Shelby,Shelby County
39049,Franklin,Franklin County
49021,Iron,Iron County
32009,Esmeralda,Esmeralda County
26083,Keweenaw,Keweenaw County
49039,Sanpete,Sanpete County
20093,Kearny,Kearny County
12009,Brevard,Brevard County
18105,Monroe,Monroe County
19117,Lucas,Lucas County
21239,Woodford,Woodford County
45053,Jasper,Jasper County
48043,Brewster,Brewster County
45065,McCormick,McCormick County
45087,Union,Union County
27103,Nicollet,Nicollet County
55075,Marinette,Marinette County
53011,Clark,Clark County
55099,Price,Price County
18103,Miami,Miami County
20053,Ellsworth,Ellsworth County
22123,West Carroll,West Carroll Parish
12077,Liberty,Liberty County
20083,Hodgeman,Hodgeman County
20119,Meade,Meade County
21149,McLean,McLean County
28001,Adams,Adams County
72083,Las Marías,Las Marías Municipio
28057,Itawamba,Itawamba County
21073,Franklin,Franklin County
23009,Hancock,Hancock County
23013,Knox,Knox County
13217,Newton,Newton County
46049,Faulk,Faulk County
26061,Houghton,Houghton County
30061,Mineral,Mineral County
47051,Franklin,Franklin County
22029,Concordia,Concordia Parish
22063,Livingston,Livingston Parish
25009,Essex,Essex County
46019,Butte,Butte County
8035,Douglas,Douglas County
45079,Richland,Richland County
18095,Madison,Madison County
40099,Murray,Murray County
54009,Brooke,Brooke County
54013,Calhoun,Calhoun County
51021,Bland,Bland County
30111,Yellowstone,Yellowstone County
54043,Lincoln,Lincoln County
6033,Lake,Lake County
13131,Grady,Grady County
8021,Conejos,Conejos County
49037,San Juan,San Juan County
18133,Putnam,Putnam County
16047,Gooding,Gooding County
47167,Tipton,Tipton County
22121,West Baton Rouge,West Baton Rouge Parish
29171,Putnam,Putnam County
56039,Teton,Teton County
55043,Grant,Grant County
38059,Morton,Morton County
37041,Chowan,Chowan County
37021,Buncombe,Buncombe County
6063,Plumas,Plumas County
51730,Petersburg,Petersburg city
50023,Washington,Washington County
46093,Meade,Meade County
18097,Marion,Marion County
5017,Chicot,Chicot County
13021,Bibb,Bibb County
72059,Guayanilla,Guayanilla Municipio
72131,San Sebastián,San Sebastián Municipio
5115,Pope,Pope County
51175,Southampton,Southampton County
48183,Gregg,Gregg County
36087,Rockland,Rockland County
5089,Marion,Marion County
51800,Suffolk,Suffolk city
8041,El Paso,El Paso County
29187,St. Francois,St. Francois County
48475,Ward,Ward County
8061,Kiowa,Kiowa County
48487,Wilbarger,Wilbarger County
41015,Curry,Curry County
8119,Teller,Teller County
29049,Clinton,Clinton County
49051,Wasatch,Wasatch County
16029,Caribou,Caribou County
37157,Rockingham,Rockingham County
5117,Prairie,Prairie County
5011,Bradley,Bradley County
48193,Hamilton,Hamilton County
24011,Caroline,Caroline County
27041,Douglas,Douglas County
30043,Jefferson,Jefferson County
51059,Fairfax,Fairfax County
30023,Deer Lodge,Deer Lodge County
47001,Anderson,Anderson County
39077,Huron,Huron County
13005,Bacon,Bacon County
10001,Kent,Kent County
39173,Wood,Wood County
13157,Jackson,Jackson County
20003,Anderson,Anderson County
17095,Knox,Knox County
30107,Wheatland,Wheatland County
47015,Cannon,Cannon County
23007,Franklin,Franklin County
21165,Menifee,Menifee County
46089,McPherson,McPherson County
8051,Gunnison,Gunnison County
26029,Charlevoix,Charlevoix County
27151,Swift,Swift County
39147,Seneca,Seneca County
13267,Tattnall,Tattnall County
48429,Stephens,Stephens County
37117,Martin,Martin County
30081,Ravalli,Ravalli County
13317,Wilkes,Wilkes County
53043,Lincoln,Lincoln County
6081,San Mateo,San Mateo County
39171,Williams,Williams County
8009,Baca,Baca County
16021,Boundary,Boundary County
16007,Bear Lake,Bear Lake County
39159,Union,Union County
39035,Cuyahoga,Cuyahoga County
48285,Lavaca,Lavaca County
40105,Nowata,Nowata County
13125,Glascock,Glascock County
41059,Umatilla,Umatilla County
46102,Oglala Lakota,Oglala Lakota County
20117,Marshall,Marshall County
22065,Madison,Madison Parish
30105,Valley,Valley County
13313,Whitfield,Whitfield County
20203,Wichita,Wichita County
46023,Charles Mix,Charles Mix County
31027,Cedar,Cedar County
53035,Kitsap,Kitsap County
17111,McHenry,McHenry County
30069,Petroleum,Petroleum County
29033,Carroll,Carroll County
53075,Whitman,Whitman County
27147,Steele,Steele County
31169,Thayer,Thayer County
47033,Crockett,Crockett County
19079,Hamilton,Hamilton County
39165,Warren,Warren County
13255,Spalding,Spalding County
34019,Hunterdon,Hunterdon County
29217,Vernon,Vernon County
18121,Parke,Parke County
19069,Franklin,Franklin County
13035,Butts,Butts County
8039,Elbert,Elbert County
44001,Bristol,Bristol County
48035,Bosque,Bosque County
44005,Newport,Newport County
39045,Fairfield,Fairfield County
38069,Pierce,Pierce County
17015,Carroll,Carroll County
27125,Red Lake,Red Lake County
41031,Jefferson,Jefferson County
47021,Cheatham,Cheatham County
46127,Union,Union County
1051,Elmore,Elmore County
13187,Lumpkin,Lumpkin County
39083,Knox,Knox County
19017,Bremer,Bremer County
48175,Goliad,Goliad County
37089,Henderson,Henderson County
12061,Indian River,Indian River County
48393,Roberts,Roberts County
31049,Deuel,Deuel County
36051,Livingston,Livingston County
19141,O'Brien,O'Brien County
48059,Callahan,Callahan County
48379,Rains,Rains County
20067,Grant,Grant County
51105,Lee,Lee County
35051,Sierra,Sierra County
5043,Drew,Drew County
31123,Morrill,Morrill County
29015,Benton,Benton County
5109,Pike,Pike County
8077,Mesa,Mesa County
29065,Dent,Dent County
51185,Tazewell,Tazewell County
42103,Pike,Pike County
42115,Susquehanna,Susquehanna County
48343,Morris,Morris County
42125,Washington,Washington County
50001,Addison,Addison County
20103,Leavenworth,Leavenworth County
26121,Muskegon,Muskegon County
2066,Copper River,Copper River Census Area
2063,Chugach,Chugach Census Area
28049,Hinds,Hinds County
48281,Lampasas,Lampasas County
51107,Loudoun,Loudoun County
29185,St. Clair,St. Clair County
36025,Delaware,Delaware County
30071,Phillips,Phillips County
29129,Mercer,Mercer County
53045,Mason,Mason County
37127,Nash,Nash County
51199,York,York County
29159,Pettis,Pettis County
30063,Missoula,Missoula County
20019,Chautauqua,Chautauqua County
48459,Upshur,Upshur County
51047,Culpeper,Culpeper County
40061,Haskell,Haskell County
54069,Ohio,Ohio County
54065,Morgan,Morgan County
51165,Rockingham,Rockingham County
18183,Whitley,Whitley County
6093,Siskiyou,Siskiyou County
46037,Day,Day County
22071,Orleans,Orleans Parish
1073,Jefferson,Jefferson County
1127,Walker,Walker County
29063,DeKalb,DeKalb County
12039,Gadsden,Gadsden County
13083,Dade,Dade County
28033,DeSoto,DeSoto County
51187,Warren,Warren County
17047,Edwards,Edwards County
47113,Madison,Madison County
69110,Saipan,Saipan Municipality
1111,Randolph,Randolph County
37009,Ashe,Ashe County
8033,Dolores,Dolores County
39089,Licking,Licking County
51683,Manassas,Manassas city
5139,Union,Union County
17071,Henderson,Henderson County
1101,Montgomery,Montgomery County
8005,Arapahoe,Arapahoe County
21155,Marion,Marion County
53057,Skagit,Skagit County
28067,Jones,Jones County
55021,Columbia,Columbia County
37019,Brunswick,Brunswick County
27029,Clearwater,Clearwater County
51131,Northampton,Northampton County
20163,Rooks,Rooks County
18041,Fayette,Fayette County
31079,Hall,Hall County
31081,Hamilton,Hamilton County
31115,Loup,Loup County
30091,Sheridan,Sheridan County
31063,Frontier,Frontier County
72089,Luquillo,Luquillo Municipio
1007,Bibb,Bibb County
28075,Lauderdale,Lauderdale County
27011,Big Stone,Big Stone County
27013,Blue Earth,Blue Earth County
51091,Highland,Highland County
51177,Spotsylvania,Spotsylvania County
33017,Strafford,Strafford County
13153,Houston,Houston County
26041,Delta,Delta County
5131,Sebastian,Sebastian County
6087,Santa Cruz,Santa Cruz County
13191,McIntosh,McIntosh County
13207,Monroe,Monroe County
29069,Dunklin,Dunklin County
48483,Wheeler,Wheeler County
13117,Forsyth,Forsyth County
48409,San Patricio,San Patricio County
28147,Walthall,Walthall County
29137,Monroe,Monroe County
26073,Isabella,Isabella County
48341,Moore,Moore County
45017,Calhoun,Calhoun County
56035,Sublette,Sublette County
21069,Fleming,Fleming County
55019,Clark,Clark County
45091,York,York County
18001,Adams,Adams County
22005,Ascension,Ascension Parish
42119,Union,Union County
51041,Chesterfield,Chesterfield County
22001,Acadia,Acadia Parish
42039,Crawford,Crawford County
46123,Tripp,Tripp County
19077,Guthrie,Guthrie County
19183,Washington,Washington County
46111,Sanborn,Sanborn County
40051,Grady,Grady County
54039,Kanawha,Kanawha County
55109,St. Croix,St. Croix County
42121,Venango,Venango County
39153,Summit,Summit County
13127,Glynn,Glynn County
48479,Webb,Webb County
37123,Montgomery,Montgomery County
23003,Aroostook,Aroostook County
28065,Jefferson Davis,Jefferson Davis County
18175,Washington,Washington County
48031,Blanco,Blanco County
51025,Brunswick,Brunswick County
47045,Dyer,Dyer County
47053,Gibson,Gibson County
51149,Prince George,Prince George County
5075,Lawrence,Lawrence County
38027,Eddy,Eddy County
53053,Pierce,Pierce County
16063,Lincoln,Lincoln County
42071,Lancaster,Lancaster County
55057,Juneau,Juneau County
47151,Scott,Scott County
46031,Corson,Corson County
46053,Gregory,Gregory County
37181,Vance,Vance County
21033,Caldwell,Caldwell County
45011,Barnwell,Barnwell County
47039,Decatur,Decatur County
18009,Blackford,Blackford County
1055,Etowah,Etowah County
16025,Camas,Camas County
20155,Reno,Reno County
47119,Maury,Maury County
56015,Goshen,Goshen County
55107,Rusk,Rusk County
55133,Waukesha,Waukesha County
21079,Garrard,Garrard County
25021,Norfolk,Norfolk County
18063,Hendricks,Hendricks County
17077,Jackson,Jackson County
45043,Georgetown,Georgetown County
38041,Hettinger,Hettinger County
49019,Grand,Grand County
49045,Tooele,Tooele County
51650,Hampton,Hampton city
55011,Buffalo,Buffalo County
51069,Frederick,Frederick County
54041,Lewis,Lewis County
27119,Polk,Polk County
27127,Redwood,Redwood County
47047,Fayette,Fayette County
60040,Swains Island,Swains Island
22089,St. Charles,St. Charles Parish
5111,Poinsett,Poinsett County
12045,Gulf,Gulf County
47063,Hamblen,Hamblen County
1021,Chilton,Chilton County
48351,Newton,Newton County
48219,Hockley,Hockley County
13009,Baldwin,Baldwin County
37175,Transylvania,Transylvania County
37171,Surry,Surry County
1031,Coffee,Coffee County
39149,Shelby,Shelby County
16027,Canyon,Canyon County
30019,Daniels,Daniels County
12073,Leon,Leon County
40119,Payne,Payne County
1039,Covington,Covington County
18093,Lawrence,Lawrence County
20069,Gray,Gray County
21045,Casey,Casey County
21169,Metcalfe,Metcalfe County
21207,Russell,Russell County
22011,Beauregard,Beauregard Parish
23025,Somerset,Somerset County
40025,Cimarron,Cimarron County
21163,Meade,Meade County
21179,Nelson,Nelson County
21187,Owen,Owen County
29155,Pemiscot,Pemiscot County
31125,Nance,Nance County
55078,Menominee,Menominee County
48365,Panola,Panola County
21011,Bath,Bath County
48001,Anderson,Anderson County
51033,Caroline,Caroline County
19167,Sioux,Sioux County
6021,Glenn,Glenn County
29510,St. Louis,St. Louis city
13111,Fannin,Fannin County
46051,Grant,Grant County
46091,Marshall,Marshall County
53067,Thurston,Thurston County
31107,Knox,Knox County
35061,Valencia,Valencia County
30079,Prairie,Prairie County
19005,Allamakee,Allamakee County
48061,Cameron,Cameron County
48339,Montgomery,Montgomery County
8071,Las Animas,Las Animas County
48299,Llano,Llano County
48319,Mason,Mason County
37043,Clay,Clay County
36071,Orange,Orange County
36093,Schenectady,Schenectady County
54059,Mingo,Mingo County
20197,Wabaunsee,Wabaunsee County
27055,Houston,Houston County
21181,Nicholas,Nicholas County
25023,Plymouth,Plymouth County
36005,Bronx,Bronx County
37055,Dare,Dare County
39103,Medina,Medina County
42005,Armstrong,Armstrong County
34001,Atlantic,Atlantic County
55071,Manitowoc,Manitowoc County
55029,Door,Door County
37047,Columbus,Columbus County
39053,Gallia,Gallia County
48441,Taylor,Taylor County
51570,Colonial Heights,Colonial Heights city
39031,Coshocton,Coshocton County
31135,Perkins,Perkins County
48205,Hartley,Hartley County
8049,Grand,Grand County
48249,Jim Wells,Jim Wells County
19189,Winnebago,Winnebago County
6079,San Luis Obispo,San Luis Obispo County
1067,Henry,Henry County
39175,Wyandot,Wyandot County
48505,Zapata,Zapata County
13177,Lee,Lee County
21019,Boyd,Boyd County
27019,Carver,Carver County
31037,Colfax,Colfax County
45025,Chesterfield,Chesterfield County
47101,Lewis,Lewis County
41067,Washington,Washington County
51810,Virginia Beach,Virginia Beach city
30057,Madison,Madison County
51103,Lancaster,Lancaster County
29013,Bates,Bates County
33001,Belknap,Belknap County
51159,Richmond,Richmond County
2230,Skagway,Skagway Municipality
2105,Hoonah-Angoon,Hoonah-Angoon Census Area
53021,Franklin,Franklin County
19093,Ida,Ida County
20173,Sedgwick,Sedgwick County
48453,Travis,Travis County
12057,Hillsborough,Hillsborough County
34021,Mercer,Mercer County
31023,Butler,Butler County
42129,Westmoreland,Westmoreland County
12015,Charlotte,Charlotte County
19029,Cass,Cass County
39107,Mercer,Mercer County
60030,Rose Island,Rose Island
21115,Johnson,Johnson County
44003,Kent,Kent County
50025,Windham,Windham County
50019,Orleans,Orleans County
20085,Jackson,Jackson County
22041,Franklin,Franklin Parish
28155,Webster,Webster County
25011,Franklin,Franklin County
31031,Cherry,Cherry County
30001,Beaverhead,Beaverhead County
29143,New Madrid,New Madrid County
5057,Hempstead,Hempstead County
29029,Camden,Camden County
51117,Mecklenburg,Mecklenburg County
21233,Webster,Webster County
40047,Garfield,Garfield County
53059,Skamania,Skamania County
26091,Lenawee,Lenawee County
13123,Gilmer,Gilmer County
27135,Roseau,Roseau County
28089,Madison,Madison County
48227,Howard,Howard County
54099,Wayne,Wayne County
